id,frequency
AEWB71,3755
UAAXGA,3860
53LSPJ,4175
FLO8WI,4311
TKCDLW,3789
4WDZ33,4282
S0BPRS,3932
EU9KM9,3978
59HPT0,3951
6YILX5,4019
Z164JF,4093
OT4EOH,4297
0BNT80,4377
J9BL4S,3856
LL69UU,4072
QW5QOG,4068
LYLO05,4035
OVP1B8,4165
X7HXNW,4067
ZH4JWZ,3664
K3G01K,4085
KSA0KZ,3871
YDMRLA,3721
M1P60Y,3760
47BUD0,4063
MTO35S,3715
MGYISU,3761
09SYAD,3954
LEAMKB,4025
2WGCQ4,3766
16POZQ,3677
9OQ1PX,0
B3NVV7,4051
YB8OE0,3598
RLUOBD,0
4Q2CW1,4203
IMCTMO,4121
DR8QBE,3926
ZFQJC2,4021
2LS0AF,0
X42K17,3818
SHQ230,3829
CIFCOK,4139
13U76N,3919
FOQW0F,3685
3C3XSZ,4092
7M7WRI,0
0NH2US,4398
Y58HCC,0
U6BBKL,3923
B1IVX4,3662
9EMZA3,0
RLT3MR,0
LIOYDE,3939
2J0KMN,4268
BVVPI4,0
JUB7FE,3789
Q6B4XS,4284
6ZNDJF,0
EEHWIH,0
OY08GZ,4257
MMEZEC,0
JZYOEQ,3825
KSLLON,3880
JKURI6,0
ZS408R,0
IYK8W2,0
564025,4043
G0OQWC,0
D0KAO8,3920
QL240N,0
044LNX,3914
SI8Q0L,0
1Q8GKB,3771
XPY0DN,0
7FJAEN,4036
INB7FZ,0
0G42R2,4054
1YS3ZW,0
97090T,3918
ZCS469,0
Q8C3PW,0
5BAGC9,0
ZHWFHK,3732
L1OZS0,0
AB30SM,3830
2ZFY63,4010
8WLMIW,0
R1LSX9,0
010A85,0
AMVPX0,4071
CJKQ8I,0
Z4YJNP,3922
J8HRXY,4154
53L8FT,0
N05Q06,0
VWWXTA,0
EVH36H,0
MZ3QD5,0
RRW5P0,3939
UQ3G7J,0
PHDXK8,0
6LL1K9,0
V5DJIP,0
C1O37V,3894
W7U1PX,4058
BU5XAC,0
0C6CB8,0
QL1052,0
NKHRDC,0
JJX6HR,0
UGZ35N,0
0N9GAP,0
UM3PXK,4010
R33C81,3953
9L3R3Z,4219
7N4XOM,0
65PR05,0
5O6W67,0
N6EFH5,0
R2ADG3,0
GK4E07,3937
AH3Q81,0
Y5G6JY,0
VMFMJ2,0
8X94BN,0
KL1SU9,0
8A6AII,0
KEDIMY,0
VFHGQ4,0
53LQB9,0
OSK0CF,0
9CD6NT,3901
ZLHI4X,0
UYCYOI,0
HMRMTM,3880
IKKUWX,0
OL3O22,0
ZSQY7N,0
YKVWFB,0
2VVCVW,0
K74JAE,0
XGPWLB,0
WF9J91,3826
P5NLWS,0
MOY444,4132
HL0J3L,0
1FDE11,4366
R2IPSX,0
MN8Q84,0
XO4VOF,4036
UUNSCA,3860
XP30FS,0
OAKKH9,4086
PRWVE9,3936
12AC84,0
D74V3X,0
SDMFYX,0
GS8W96,0
AQPHLG,4106
WLPIH0,3751
MDR9BC,4030
6A7WW4,0
5PRTI2,0
VR0KVK,0
O4QSFT,4020
6GOASP,0
0HFL29,0
BMYQJ8,3887
KF7WEE,0
KBPP70,4125
JNAXDJ,3861
T5U6O9,4067
MLBZRG,4374
1WIEX7,3793
TCMDOV,3931
6Z93SS,0
0BTWTU,3731
I5JXN2,3876
0IOB07,4139
JM3CN4,3647
P744X1,3633
ZMRJUH,0
2GC7YO,4073
YLJMI6,3941
3VW5DX,4008
B9CQAD,4175
R1OH6S,4027
8QIMJ5,3860
JL10F9,0
15OYNM,4342
9POY01,3801
JCCUG2,3777
KDDLCQ,0
JUE9XP,3963
SVFSTR,3738
T0CVMT,4115
3FQNSX,0
Z8CP0R,4216
CT4BXS,0
68T7VW,4209
1U4IIK,3722
AQ1QM0,4019
XNX4EY,3937
V0W6H3,4145
POWC1S,3731
D5RTQU,0
FONBA3,4056
BJEKTT,0
IKOYGG,4246
N42QKF,0
H3T1XO,4139
2HR2D6,3724
O1CIFK,4271
KRCW8S,3847
ZYUAJ8,0
XRJ0H5,3928
B0A1WL,4005
96WVGA,3836
6HR9PB,3968
3O4EQX,0
0WKMI6,0
M8KF1E,0
X8BGBT,3924
L3DDHC,4087
G472R9,4399
H64R06,4030
9V3PYJ,4241
EAAWYL,3972
MGZZEW,0
5GSHTS,4105
0G40QY,4005
3LPWSP,3989
QT8ZJ0,0
NBJO6X,3994
4GUYLW,4167
6NJM2L,4199
IVAP1S,4060
X27HPL,4242
Z17I3L,0
E3JLKC,3625
IJ9RIQ,3814
FSOQAN,0
VAUKLY,3782
1X44WK,3950
FS7SX2,4173
7VIC2W,0
O5T4QM,3710
ZTMEE9,3720
ZIIWST,0
FOBM63,4077
YRP9CS,3652
GCV6BV,3801
K7BX7J,0
2HX0YG,3886
O8V5M0,4247
K6KTO9,4069
X192U6,3944
I5V6FG,4373
ANFZOR,0
D70K91,3669
4KZGQ0,3798
YWG2EP,3897
2HUY2I,3927
862X02,4007
BRL878,3922
YF3S3W,3502
9I4Q4T,3948
H9X3CD,4119
RSJ154,4002
3260HM,3968
OF2VT0,4267
DFV4BB,4034
Y73L92,4062
4GXFV7,4291
V0L44B,0
ZNUJF6,4155
4E3WHI,3885
T7O6SZ,0
W2R5X5,4078
GW4PYF,3884
JIC6MG,4252
ALENQG,4058
2OQJJH,0
LGZY7B,4079
2DRVCT,3941
WLDBC7,4021
MI04P7,3837
79NM8W,3958
WBXRP1,0
Q56L5Y,4337
A9L9CD,4130
MBEFPX,4198
AD6BM2,4264
IVPWSM,0
E6PNFC,4281
96BBH5,4024
56NZY5,4311
X44PQ5,4020
ZQ7HJX,3895
EECTI3,3917
9FVNAB,4104
23US2I,4119
DIM0LG,4155
1DP728,3945
7UIING,0
5HTX6B,4032
YHYNSO,4243
W98HB9,4297
58P6HY,4323
Q9CLCO,4065
7WSTN9,4298
AC6WUN,4132
Z6HQ86,4082
UPJI8A,3983
8OJLTE,4130
5ROYVP,4085
6HWN0L,4044
GLTV85,4119
3NYRDE,0
RS2LS4,3759
M61FBH,4133
5T4WJF,4106
0069AH,3906
10FVW7,3864
L9XE0P,4135
8Y2NWS,0
YR9ZMN,4333
E645PU,4214
MH1LKA,3656
IJ7Y34,3715
4M73SR,3945
837JQB,3847
NDJYF1,4178
07DBZD,3961
0WQ456,3972
DT6VJ9,4307
YO5UIV,4159
7W9X22,0
XJFFJ5,3975
87IQL6,4274
PVLRKN,3933
AM9U0S,3973
SG3VD0,0
KNDGX7,4211
HDXW1X,3737
HQC5IG,0
M4YMWB,3852
SZMC4E,3655
LC7N5Q,4266
O7OR68,4117
6O5XSO,3989
YJWJLV,3757
7QIPLL,3981
BADOD1,4164
7HQZXK,3912
N9NIRT,3864
8IFANT,4075
LQAIDQ,0
1UO67G,4131
B62DMQ,4186
C7HY5I,0
WHAII9,0
4RHYNC,3923
GY5LZF,3883
XG3ZQJ,4101
095TGF,3993
GVZ75T,4097
A2OHO4,3868
1V8EBB,4197
IYYFJQ,3906
Z97W6J,4006
GGLWDN,4024
UL2SLU,4134
BZJUA9,4260
D3PDQG,4095
ODLPXI,4080
F52JRQ,3947
YLVP2C,4075
LC19QE,4164
4GC7KI,3913
885T41,3932
UCNTO8,3948
GFV654,3809
8WZ6O0,4132
R3PMFJ,4178
CX8B8Z,3750
UXJNF3,4059
OM2AZD,4159
SBP251,3984
2Y6LU0,3839
DQE0YJ,4154
ZTEAKC,4558
WWAHKO,4065
MHZPD7,4085
VO6ZUP,3700
QST4AD,4027
RVL51L,3929
SZGB6B,4024
324OWU,3479
17XI12,4289
3NORRT,4210
AFJV8Z,4056
4X9YKF,3915
PY8O8H,3985
S52U06,4158
ASQQNZ,0
AP1P22,3631
ZEGPBW,3672
5KHGBC,4143
JTTIGY,0
QFGITC,0
C6X24T,3843
ABL1XK,4233
J85PT8,3909
DEGFBM,4005
FIY7M8,0
G2X9J4,4085
YG02FL,4033
RXGU9A,3776
6H23C1,4209
1O4PQQ,4353
50LRI4,3876
ODDNHL,0
IWDT1O,4403
3FXNZN,4362
MLAQOE,3888
J36NU6,4132
SR8AMU,4017
EA7JK1,4307
LD90VH,3824
SGYX0N,0
VZ4LZ6,4100
TSCBBV,3928
3F8KRI,4238
5MEDFG,4054
4D6UBX,3748
UZT4UI,4103
D61T8N,3923
XZIW0R,4159
C4ZXA5,3972
OH7EH2,3920
922BM8,4353
HZAOA9,3792
LBUYMZ,3628
441AMF,4007
SJ50E6,0
VZZ5X0,3733
O38KBY,3769
SMD87Z,4309
YZNYKU,4152
R1P1FA,3975
RT1MH6,4231
3UEIT2,4213
6Z6DXI,4357
1DYOFK,3912
WEN1XS,3911
6V7URD,4251
CUBAED,3844
MBA3G1,3717
2ZMJ6C,3900
SUCATV,0
84QHWJ,3906
SRZ3M2,3746
1K2KZZ,4193
29SP4J,3843
S0BWPT,4047
25VIKL,3919
O4ZIGX,0
NCLHA4,4159
S7YXP1,4286
JVOX3F,4255
K0H5DN,4000
TEITZK,0
W35A8M,3560
EZFVK2,4017
2YFUSB,4228
KVOZ3Z,3971
ACCZA8,4280
18DRG6,4108
8MXEWV,0
Q9DQK3,3978
K21HIL,4111
BHG1C2,3906
9PSYMF,3736
Z8Z2GE,3578
36GCVQ,3809
5ZT0CB,4116
GZPA2P,3733
4QRT8U,4306
MGE8J5,4063
0FOSYI,4156
6R8SMV,4257
V6F4HW,3863
JE6TPO,4126
80EZ16,4063
73J79E,3760
EDRQ3M,4151
L3JFGX,3821
JFIPHC,4101
ZZZ0GT,3872
I1A9KN,3938
33D7WG,3801
5BWLHZ,4323
AJSXK4,4269
XAR3NP,4155
5J27IG,4104
XI99CY,4088
6QTA3U,4132
AHBI71,4047
EPOZCL,3617
C46LR1,4177
WS1TS2,3704
50RMLG,3895
POLN6G,3920
XMPG42,3910
557PGA,4079
Q421IL,0
Q9UMCP,3908
VF6S0N,3589
ON5X9M,3558
C8VH2B,3942
GOT1Q8,3957
XPN8XD,3903
5RLMIG,0
ZESFPG,4053
F3BIKI,3868
U5WGQX,3872
9SLAQB,3878
94PQ2T,3755
19H2RP,3961
WAX07E,3380
LEJMCZ,3801
CY1GZT,4376
C6X8WX,4452
AEN29Z,3885
PWVY0F,0
UBT2B9,4190
2IM33L,4027
VL6WIU,3788
RW0OBO,4004
NIJVMQ,3834
8ROCZF,4306
ZBJL6K,0
6JNHVP,3684
04DT43,3771
GDE7DU,0
HOJBV6,0
JHLPNI,3888
0N8BAD,3695
NG3F32,4006
8Q3QL5,0
UZL4DF,0
Q1JTH0,3849
53RBO2,4410
8JXALH,4102
F8O0K0,3806
AO4DIE,0
A76MNW,3832
I5DQD5,0
LBH11M,0
6JL6T4,3901
64BEDG,3928
TJOQL0,3890
MOBVBC,4125
IEK682,0
IKQ5K4,4147
MIXR0N,3867
3YQJKU,4135
FXOBWD,3996
MAPI47,4056
PW2VO3,4118
ZVPW1I,0
FQPX72,3864
FWMII2,4080
MCSP88,4234
S125EQ,3994
SPCHYI,4123
QDI5NN,4310
P0QPY7,0
JBSLYH,4110
S8ITHA,0
VAM2MO,0
ZWB4WX,0
3HKOWH,0
9VC7UD,3905
95HSEC,3961
VAQUUW,3991
ZCV2NM,3925
QQH33L,4102
WFYTEI,4006
FW0F2M,3840
ZCOWT3,3942
T6SFWF,0
R82ATM,3665
M0K19Z,0
KPLHVT,3841
AGBQ5I,0
XIHZG7,0
UI7IAB,3865
4ZUIH9,0
JK4637,0
L5QDLI,0
NNY3QI,4064
WGQLMQ,4203
X125VU,4192
UZ6JJ5,0
R31XEY,0
QMHR2R,4165
1J1IS9,3414
GFW2ZB,3938
P9AFWO,4169
L164QT,0
8MB5PV,0
N6ABEV,3847
LKG7N4,0
NS21FF,4230
WQP5SZ,4354
R9REY0,4378
NZVDDR,4026
6XRI79,4154
6RCIRZ,4107
AHSHMU,0
VXDBV7,3961
AXYZ9O,0
67R9LM,0
IXBZCM,0
BH5JHL,4254
DRL0Q0,3956
DD0S7M,4046
8UH6BK,3792
Y0LPNC,4162
D5YM4U,4089
6YU9NK,4091
D4GTQL,3822
KW6DCR,3944
CC7PCK,3850
D10JNB,0
9HB3UE,3963
RVXGH3,3993
H4RVVG,0
076RR7,4275
KAS7YA,3958
A93XEZ,0
HV470A,3896
Y2WFWH,3918
75VMH6,4005
TDFXX1,3993
HNQ0CF,0
2I1YL0,4198
UWIJQO,0
HA85FC,3960
FBP4YE,4182
CUS8AY,3756
5ADUX1,3959
6J8D8Q,3860
TSKTRS,4025
XKTYAO,0
4UPXNU,3856
IWH634,0
V9VV92,3976
UXTZFI,3638
4WGNXP,3957
PNI7BP,0
7V3SAG,0
BX3ID6,3903
49KEEG,3732
ZXFM38,3931
1DUR00,3643
WJO6G8,4119
PHFY8S,4040
PEWWN4,4135
TCTTIA,3883
LYY1UT,3992
ISH5CD,4231
3B69PM,3922
MXJL5L,4395
GBUSE0,3738
SB2Y91,0
SCAC39,3815
Q8C69R,3804
D1PA67,4181
NRVJ9K,0
8ANV71,0
SWED10,3534
LMPJN0,3924
W563OR,4126
BDVKSM,0
7KQI28,0
R8EESK,0
OCQB61,0
9GKWO4,3600
0XP18U,4270
Z4O8QB,0
5XBA67,3980
O4R3ZK,0
TQXOZC,0
781QLG,4100
WZ554S,4218
6BPW2O,4062
DU2WPI,3773
RH19CW,3760
BFU9IQ,3800
11K8S8,0
4RCM4K,3952
KCN0O2,4297
FZL55K,3940
8KXOTH,4103
T4QMX8,4301
Y2341P,3791
8I7HQQ,0
N48AJL,4132
BLESPI,4459
I0E2GW,4012
M25Q22,4147
7GQ12I,3993
8NMBSK,0
6PJ133,0
BLOCMT,0
50B5UP,0
E258SR,0
Q0TX1G,0
RUT89U,0
CV18CV,3834
RSOZBL,3936
YWYPKG,4222
Z1DLJQ,4359
MLNMRM,0
3RN4NY,3711
TYU8HO,3771
HRJ17G,3954
FGWP0G,3699
PF2PVP,4313
H6GPEZ,3967
7L0VXD,0
MOJPKB,0
AFSZPB,0
4SAQ1J,3962
J5WAE9,3895
F63QU7,0
79DZC0,4307
516BN7,0
U57EH5,4219
FQNB8S,4021
I2AZ06,4166
2S9NA5,0
9K0SOI,4260
RE4R44,3971
9RZQQA,3705
A23PIR,0
SR8DLC,0
0ADZ9W,4149
1462VD,0
MLE1R8,4111
ZYAM5P,3645
0D876M,0
8YMIHS,4212
FWS9M8,0
7EUCZH,0
4ZPI0W,4040
RFNMSP,3968
Q9OOTD,0
A995QT,0
86JL9F,0
UUHYY8,4496
86U7KZ,3652
QL33GN,4015
FY1YV7,0
I1T3B7,0
0AQ8KA,0
UVMZW6,3908
5YCYNE,4056
TEENZR,0
C1PM74,3808
SFKT7J,0
DWEEAD,0
SDQ4RB,0
GN0JLK,3548
QCHKD5,0
1KHY22,4309
8Y0C7C,4011
9WO88G,3917
RTUZUK,4002
102L0Q,4264
QQMOWL,0
LDMZ0J,0
XRPI7G,4157
LSIE39,0
IE94UG,0
4C2WM1,3852
70OSSL,3732
QL2WLD,4001
TH74S1,4034
3YMALU,3693
PLRJOF,0
D5UHSB,0
Q53VC2,0
W6C40E,0
0KX04O,0
LMGOVW,3943
M0719F,0
3AIJA3,3859
2RKT5S,4246
Y19XBI,0
KHJM73,3776
LCJSCW,0
TY86C7,3681
9JRUMW,4018
FOPRG9,0
Y28M7Q,0
32TQTC,3517
VZ1HSX,4238
8DSIE3,3885
6B7AUF,3943
PG6WXG,0
SJ5FPV,0
9ZUHRI,4309
R5B5GR,3890
GR7J04,3959
9243LW,4001
5HSVZA,3800
FR6XTM,0
HI3YO5,0
WG3MIE,3919
GHAK2H,3638
OFZ5FU,0
VI4ZRU,0
MW0997,4338
C7VZ1P,4085
72MI1G,3912
G1BBNB,3895
R32WTS,3845
ERAKVU,0
QUWV83,3978
8BFDLM,4335
LXU75A,3893
MDITAA,4067
BS77F5,0
ZOPAB1,4265
D9H6PO,3849
HLKGA8,4015
CCO57P,3920
0R5Y6Z,0
Q51CZT,4044
TY9RQP,3970
X3FQTG,0
FNGZRE,3798
2CGMM2,0
8VMO9L,4036
FIC3YO,3716
60XLRI,3871
CSDYMY,4433
4MU7HJ,0
I4ZAP1,0
GIXOBD,0
0YRCG4,3958
YYLQA0,0
VJBA07,4046
7SAJ1H,0
1VS9QF,3756
J6JHEO,0
1VSCU8,0
W4TWYR,3770
C938XL,4106
2OUB5V,0
98W84E,4370
BJRTBY,0
K3Y8SF,4150
PDBYGZ,3866
1QZ2W9,4222
MQE7WO,4050
RBO7EP,3976
UAK3TN,0
GFZMB0,3890
OT2Q05,0
3M193R,0
VDYFCK,0
D57J5V,3982
2ORVX5,0
DF1O71,0
KGF9UN,0
B9LAHH,4092
5KRFAT,0
MPO0RH,3883
A3V1AB,4218
1T0T4X,0
9M9XSG,0
0UL9CV,0
1FM03Z,3997
BY65WW,0
Y65FJU,0
WY6RW7,4342
QMJTU2,0
U6G9EA,3999
3K173B,0
J1HADE,3951
T6L2KV,3690
T5VFP6,0
PG1WVP,0
GL2HQM,3686
SW77KE,3507
0X0URA,0
IBWGZR,3892
0H84RW,0
WTHUBT,3910
6V6E04,0
8EF59U,0
MQUQ68,0
KBTRDU,3919
VU6JZQ,3985
LBL5OF,3984
TX2024,4149
07LQO2,0
X9AE3X,0
1XFQ4F,0
Z5IQ4H,4155
SWD4NR,0
CUKEIZ,4415
OESOQO,0
15K1PI,0
ESIFIY,4091
P3SIHR,4118
ZGF2TZ,4229
90F7XV,0
L2DJ5Y,0
GLAXRC,4106
FNFU6V,0
PIEK9M,4127
LQOPRL,0
3CPBAS,0
OQXW94,0
43NUWH,0
V523JX,4170
6DALZG,0
RYX2EQ,3996
NQGQCG,4298
8SCSL7,0
XT0DV9,0
52CYZO,3941
7DCAIU,4167
8I8QZD,3909
MWQQ2B,0
4PM9PY,3596
15XKV9,0
I3DF91,0
3BVQ5K,3924
0WTQ18,3829
DS8QND,0
7T3RLP,4078
D26CA1,0
GNMWIC,0
R1TGJV,3526
R6K3NN,4056
XCBKCU,3960
919VRB,0
4ZVRFM,0
8LIJO8,0
TV7ZJD,4453
D16FDQ,4246
GHRC1S,0
KX1MEO,3782
9UJ390,4009
I8B76T,0
5J7OO4,0
ODPYE9,0
CC84OF,3879
2XAPQR,3707
OIG46P,3841
HC0YJT,4302
IKO7BN,0
3ZCP47,4098
Q3S7TN,0
XIUR3F,4109
5ATY5E,0
5GA790,4126
6OQ2CF,0
M3BPGH,4087
5Z0WT4,4068
FF0A48,0
DDKN5O,0
1W2PF7,4096
3YQCCZ,0
SVWOAV,0
VP70YD,0
XAOIF7,3479
HNIWEZ,0
HIQA16,0
9LRWFW,0
KUKFI7,3714
60J8GA,0
BNC0GU,3865
J5Q6X4,0
F9ZUBH,0
KYG6G3,0
T1IHT5,0
XKODWK,4080
D4QODF,4078
NX83KQ,0
X4KEW6,3986
OIZ8GT,0
S6JUIH,4116
Y0VBYE,0
YGGLTY,3914
W8EHKE,0
BKW9NF,3986
CVGXKN,4160
UGPRVZ,0
PJVJPE,0
AJ1P5I,0
7T3OBU,0
V496TK,4071
6OJX4Z,0
7U2BHB,3608
YE6VNQ,0
2LF1B1,0
YDSA7B,4536
A2T0EB,4079
P6KMYH,4115
G3AVG8,4308
PCCMFE,0
5N8NVC,4513
ETGDV4,4417
UUXL2J,0
MXEP0Z,0
R62YIH,3989
A26DAZ,0
SRU4OT,0
8AMWLB,0
ZQP63V,4137
Y0KJIE,0
0NVIH1,0
HWLZKP,4060
CLSZJC,3954
QQCUFC,4185
UFCGFE,3937
6EYAE3,0
R3NH2K,4222
240WDP,3852
XB217V,0
OHVZVS,0
FL3DVS,3507
L7S8NN,0
F3TYOB,3570
NNPGO6,0
9INZ0F,0
SIYCM3,3985
WUW1GT,4334
CZK9J4,4225
RID2U5,3912
SRRDBW,0
52QJ8T,4135
MFLM2O,3960
80U8KY,4225
YCYRIP,4069
OJSISJ,0
CGQV6Q,0
NWIXV1,0
PRX1CQ,3833
VQGN83,4025
IDSHQZ,0
Q9Q06N,4149
4PYLXP,4032
KCFG2F,4101
YHV0LU,0
B0Q8HD,3971
H4L317,4079
FO5AMK,0
QSLHWU,3879
2ILSX7,0
7RGYKV,0
U2QO1M,3757
D3W5XD,3999
7QQLOZ,3643
MX30JB,3613
S8847H,0
3NPYAZ,0
EKH1SZ,4322
2PE13K,3922
T27130,0
6A83R9,4014
GXP4JM,0
DKVPET,4348
VKSXP7,0
CK9HO2,3838
1II4O1,3896
XSWHMR,3850
Y084R2,0
9XFBEC,4071
RL4CU9,3986
9NDZE0,3869
55BRF8,0
CZBR14,4364
DIC3QA,4169
0139FS,4125
XSTOE4,3988
CJV0ZI,0
5D0P4D,0
05Q82K,4048
I0PWP4,4335
BI1LF1,4077
VH42ZZ,3836
30A856,3939
8Y8B2E,0
HDWTR0,0
6RWBZ1,0
MGV14C,3991
TEDYI8,0
D2Y7WD,0
53T14O,4102
OV9JPS,4010
SGEEQL,3987
4FIFGG,4218
EYY4NU,3945
OSCCEB,3828
5IAON7,4227
UUSK1R,3875
N9NPA8,0
V8AX7D,4039
0JNPQD,4012
1DVA15,3960
8O4BX3,0
22X6O4,0
RQRG8N,3888
20G2RE,4131
KJ5EAO,3558
O8F1IS,0
PF90CT,0
0ZG8I4,3846
A9O2S4,0
U5PXBG,0
43OJPM,0
1CVKUB,4056
OHN2FZ,0
PEYQ9Z,3839
1W0F0P,0
KXS4XL,4019
WE6II5,0
A3OMCL,3958
NRV5XH,4089
BN9PP9,0
SI530O,3961
W2K1SI,0
UFQMN8,4009
4FPULB,0
LPM95G,4001
OYU03J,4057
2GT5J2,0
FW19EW,3974
42T6IC,4144
L9W4DY,4303
3Q92OH,0
LVAJZM,3612
4A1T2F,4202
Y2QSGT,3849
IHTNW5,4054
YNK98R,0
EX7WKU,3697
WOE0G0,0
LLHFA4,0
LGWY52,0
TB92G3,3983
GP26P6,3600
MBO4QV,0
XSW7ZG,3980
GQXBVP,4193
UI0YX8,0
G2XBLA,0
OOM0B2,0
8X9K47,3740
0T0O0E,0
OIWOM7,4001
MIML9Y,0
2Q88S4,4230
33PHCF,4191
09818D,4186
DZNW4O,4216
VMHQNB,0
M9GECG,0
1EAAOP,0
0SAV1E,3888
I9AFAW,0
C4P2VB,0
N9EBBW,4370
8DIQ1H,3926
CTDP09,3779
LM9DHG,0
3DZMDA,3981
AFAJX4,3879
3VR4J8,3697
KD476G,0
F4L77Y,3794
RPCFPJ,0
FIRT80,3849
RNUTKT,4201
XRR9AO,3900
PRX2G0,0
AK2C82,3771
AZP8F0,0
Y70TO1,3754
G4RME8,0
TZ4VKU,4385
XYDRBQ,4009
44BOBV,4309
8MBD9S,3962
7JL9A8,4461
S94SF3,3918
PWO31A,0
3DDPW0,0
KZPNOV,0
P3MOOE,0
R8W40L,4149
SOR5YF,4195
693DGC,0
MWKRGF,0
O4Y0BR,0
DZOE3P,4073
J6LXGV,4406
W5KMKH,3953
U662KB,3818
ATVFN8,4016
82XDE7,4244
WINZ7D,0
TX471Q,4276
BLC0AB,4246
4B7WZA,0
5IP4FB,0
KZB7TJ,4048
AH3S3Q,0
BDO7UO,4133
ZYPD4S,0
PCEGAJ,3894
G5FVYO,3808
S41123,0
628FKL,0
LV9V1E,4201
8JWL2R,4014
3GEHAJ,3839
2NGRX8,3831
ZPG9XZ,0
6RRVHD,4154
GPD8TO,0
I2YL94,0
YAU95H,4362
QMID7A,4096
BXC5ED,3950
XUO6MV,3779
B18XUP,0
Y1KTKM,0
GK5YRO,4017
D96H1U,0
D7HUQY,4284
V69Y1S,0
HHXCSX,0
5BD3LR,4053
JV9CKB,3976
ZBPAOV,4253
XE2OE0,3852
C1GCCP,4210
QMTTYT,0
40XBN0,4243
9WO7LI,4047
JUELN8,4170
VELH3W,3998
060QD5,3866
HYF89I,0
E6DUQI,3865
H4ID9B,0
9VZQ6F,4000
68WFIM,4088
PFZF4Z,0
LONQFV,0
7IO1HN,4075
CQ0NED,4045
XXVZ3W,0
JEEPNH,3904
14ROMS,3575
D53MT3,3869
WRQ09S,0
ANUBU0,3878
GL1TP3,3973
8JMBKU,0
ZNOAXG,4319
DL2TVM,3984
1APHBF,3813
8XZHVY,4183
N8KFU5,3996
77P2UY,4487
T80KD0,4141
BEUC2I,0
2W1EN9,0
0F8CWZ,3811
KVZQK0,3942
CLSGLL,3941
MNW2UP,3896
4NEKLS,0
YJYZQI,0
9UL290,0
BYHVG9,3706
IFBMYT,3651
89EYO5,0
6SIMBQ,0
44PA36,0
OFQ6YW,0
6GBKL1,3988
042T8I,0
O6DJTN,3824
2XDJA9,0
DP41R5,3799
PI0507,3731
4Q2UCP,4384
2JPT0K,3766
9VL3T1,4076
IP8H1X,3746
O7WBI8,3818
YQUDX3,4018
5BLF7C,0
K37RQC,3689
PMFI0E,3904
12XHSD,3651
3X1HPN,3988
J6SPOU,0
8KPXR8,0
I9P7EH,0
T5JOFW,4087
AUZSRK,3731
WDKOM8,4224
QFFHRH,0
D2S095,4351
FS9LW8,3985
ZPXX9N,0
JQVZPQ,3924
O8HPCU,3866
Z44WBC,4113
MNINPL,3995
C338V4,4233
TG2AQ4,3979
D786OL,0
GKLMVM,3787
RQIHE9,0
0NJHZQ,3821
TOZ6E3,0
UPV67I,0
WQ7RJM,3877
D86RVG,3955
UY1BJR,4016
8UX0VW,3967
53AHEJ,4161
8IZ91I,3945
PP167U,3600
D2SMW1,3940
L6SISK,3857
H9R5ET,3788
7GJ428,0
VP0VFU,3909
UM90XT,3935
7W3C87,3988
I8ZPED,4144
BVZY8O,4132
FWOZZ1,4559
UT1A3V,0
O6UEIJ,4064
547KIW,0
X011KV,4062
ZHY31B,0
WMRH8D,0
UN55Y5,3716
GIDQ3P,4306
E1B96F,0
P1EOTY,0
GNX0G3,4257
4TNA69,4141
4O6TK9,0
RDC2YK,0
U64T09,4454
RRYC5G,4160
X2T4P3,3826
BD55NO,3662
A5PG5N,0
M2KL4C,4215
YBG3FA,3612
2N7AAS,4018
J1MZR5,0
C63MPA,3869
JHKBUS,4180
MBK3PM,3825
IXI2YE,0
A2RQA4,0
UN8POU,4040
JELOYM,3863
UPJH6E,3643
E9W7KQ,4059
7R0E9J,4059
6YEMS7,4014
VYDSGL,0
8IA57P,0
MAB2WB,4033
DVOAD9,0
HC0ARY,0
RK4B9J,4093
MC8XCG,0
940ZMY,4049
Z5C6W6,0
6MHNKB,0
9DCTS6,3923
C50M45,3633
NF43PR,4035
12LRY4,3899
10ZWQ1,0
UDB1JR,0
R4J24Z,0
H9H767,0
SSVHMG,0
KYWZ7N,3808
GM7FE9,0
3G9IIA,3714
IHO22M,4163
S8Z9GL,0
2MK53R,4163
IA86WQ,3847
Y67VYA,4054
GI94ST,0
WUI1K8,3846
M7VNPG,0
QY3QAJ,0
A0H5TI,0
7QZKU9,0
G50KAS,0
P6T3SI,3612
YL3OEP,4216
PUZHUT,3918
MYUYXC,0
XI8MY0,0
FIJHAT,4041
PD5IIL,4190
IVAZSP,0
SFEXGH,4239
66KGAG,3960
E5CC21,4157
V9DW1U,3762
G09OD4,4361
YE4EEG,0
4DKYP7,0
351KDW,3810
7Z7GKO,3887
IQFAP7,0
KXALJW,0
PO1WPB,4137
118RK2,3808
KSLTLQ,4228
0LH3B5,3752
A39C6E,4040
7YL6PC,3918
8JXLJU,0
XPLZM0,4013
IFZKQ7,0
QOBUDT,3736
RJ68SQ,3933
A5E8IF,0
3U0OM4,3833
1A9N3D,0
842L0U,0
T2FB3S,0
MYXC4H,0
X18OGM,0
6EMA2B,3946
FVIX28,0
HLM9UM,0
V450BO,4023
GBW4MU,0
W67PNH,0
NHOLO8,0
U4KC7Q,0
T99BLD,0
E4AEOK,3928
4N61O3,0
H7MAH4,4110
E1JA1M,3837
UTK2ZV,0
EJER1R,3609
PR8ILJ,0
1KF9C0,0
0UGKI4,0
QS6IC0,0
KCXISW,0
64HU13,3939
5RFD9V,0
H9OOEA,0
V20CLN,0
2UVBUF,3736
LPXMD2,0
WAABTJ,0
NVTTHZ,0
ZVRG38,0
KAVA2X,4171
EQUPR3,3903
N2QWMH,4088
3VJE2F,0
HR9FK4,3616
1RTY62,4124
2Z41C0,3847
ZORTP8,0
T3H1ZZ,0
OEMSPR,0
OOTSTW,0
9HQ7Q6,0
Z1ZUKT,3935
8BSFWL,3772
G3KBTC,3937
XYSPRG,3956
IQ2ZXA,3953
8WPH0Q,0
J0NPBX,0
ENAEBK,3980
C7QMT0,3991
5R289W,0
C47NOC,3767
8GJXRY,0
BAC2AF,3863
7QBXHQ,4120
CQR8D5,3837
UFQ889,4338
6XMFWF,0
CBDXF8,3937
H0CH2X,0
EODG0I,0
I2QTO7,0
A7QA8P,0
1LZFIK,4133
IQ0IUX,3869
QJLYCF,3703
HTGKFR,0
ZHPBX6,0
7862OK,0
6XMWZC,0
L9PL7N,0
Y89CUE,0
N0H24D,0
KVBT1K,0
KULE9D,0
QCRR2U,3744
5SLNL4,0
BSY6ZI,0
46QLQR,0
C7HNAS,0
OM4DSK,3823
UGC4DA,0
FVKKZK,3603
3FVTBG,0
XHS5SG,0
1F5CNJ,0
P8X6W8,0
VYFZK3,4255
EXQWL2,3689
UXS0IC,0
0QO962,0
V31M3H,3879
YS0VK6,0
LRRKS8,0
EXKA0S,4237
YNYXTJ,0
UB8Z93,4251
U6PEKL,0
R4WJHJ,0
VSSBXV,4068
WVNE1Q,0
YFPDWQ,3744
8YFMSP,0
ERHR9W,4013
KCJXVC,0
WEMMDP,0
7LISLD,3914
9YUW7S,0
JDP5T6,3728
CINSAO,0
LPZHPX,0
IFS7A6,0
W60HWI,4474
PRHFD6,0
DZSXRX,0
U6PUPR,3961
DPDDIH,4078
RJ6HTC,0
QCSUD1,0
W5SXEJ,0
9OLKVH,0
9FFKYO,0
119SYA,0
OC280J,0
4ZJCL5,0
DU2IAR,0
333MQC,0
6NIB2O,3929
13VVYQ,0
PADZ9T,3907
ABYBJW,0
I7CBDJ,0
977RFO,4554
33C7QB,4033
XFW2RM,0
U06C68,4187
JSINNO,0
PFXON9,3774
SRQWP0,0
JGQ590,3898
YR5Z4H,4112
LE99HU,0
4ERJJ6,3930
AXLA3S,0
VQOHN8,3927
RL9VZ9,4093
3ACQD0,0
FFQT8C,3878
2CU7ZY,4313
K927KP,4100
E1MAAG,4079
IM9QCP,4017
ANSB93,0
O28GGT,4435
7XFHLX,4155
GN2C38,3756
6932UU,0
LLGR3P,0
X02ZTY,4236
YK4KTZ,3770
4SRMGZ,0
2LC96S,3584
IRJDXA,0
7LU5RY,3860
9GDD81,3968
AXHNVQ,0
K69O9W,3929
8WLGOE,0
LIXQP9,4403
V0OVZI,3928
5DPCXS,0
7260I3,3916
CGNPSR,3791
OKXLHO,3980
HNTVCB,0
6AD7ZE,0
ROD0GH,3850
J54EWR,0
139POA,4014
9TQ5LO,3749
IIYN8U,4052
PU14F1,4215
A4ECDV,0
NAY2H2,0
GFQQWC,4113
57TL92,0
J3BS63,0
VVWVL2,3845
CKCYOW,0
9158EG,3953
FKZBZA,0
7V8SM7,3949
X06Q8D,3926
3TW6A4,4406
KBELH8,3766
LXNA8E,4013
AXXYP7,3975
J5RZ9C,0
Q0UB2C,3884
KBUB4R,3884
1NZVNI,4208
YH5T8X,4015
T8NV0Q,4142
69IHFC,0
NLWD10,0
R1YH7D,3991
XFSM07,4058
5YOQTT,0
O99S2A,0
FMLQU4,4026
C4VN2C,4181
P6Q1DM,3959
AYKH8N,3940
M38HXA,0
C6A7QX,4054
6ETE8H,4359
JFYWNC,3907
QC08Y9,0
XAFA2M,0
79D6AN,0
9S605U,0
TLTJYK,0
384PA2,3584
9KV53D,0
ZABSDC,3872
7HM2Z5,4060
CRV6NM,3980
CJ6SXF,0
6UQ1ZK,3867
7GVN55,0
VVEBTU,0
NZONFW,3904
A03EVP,4045
P1MXGZ,4069
S96L6N,0
D35K68,4333
G9MEIU,3984
VJMEMH,4298
LWYACU,0
NB12D6,4047
REPZL5,0
INRJYE,0
ZIAL15,0
A3OHEU,0
5ACZDB,0
SGDFCW,0
3AGCLG,0
Z1K7N0,0
1PTL8P,3994
YRMZ1E,0
I0ANMA,4134
JR9M37,4089
6HY4WV,4081
9V5YRV,4071
ADCTLD,3984
T8WEZG,0
UXKV0C,4004
IUD7WT,0
7L6HCH,0
KSSXPP,0
A0EAZU,4244
Y2W1PH,3762
U3T01H,3763
3PJ8HE,0
E5IY2T,4264
KY09Q0,3845
T2NUKB,0
ZSFI2Q,0
C58KMT,0
3GEEY1,0
5CQ8YY,3852
3RH6M0,0
3BHL4P,3775
UF2AK9,0
ZAM4CF,4053
ON3JN9,4286
RDID72,3980
EXKYV3,3847
BVIJLZ,4207
KOKF05,0
1YFUX5,0
W2297G,0
75NKYK,0
JYPWGM,4161
BR1JMV,0
1IW0BC,4256
0PGPQI,3715
GUXNYM,0
JBKQ6Y,0
5KXUF4,0
SZ6B14,4407
XSVZ0D,4025
9AVYKK,0
F5UJO8,4010
K7F2ZV,4352
L22NHO,3847
2XUWNM,4218
5ELD9X,4065
S2SLZW,0
HCYZMA,0
EN4YQF,4251
L6KJJ6,0
01FUWE,4084
LDMP1W,0
LYIUL9,3949
S3XGOH,0
6B4G1T,0
TLWHS6,0
LRVPHU,0
E61F4T,0
ECASJF,3826
ONMHZ9,4153
F8AXZB,3877
6AMLZ8,4110
9N9QK0,3262
EQNEPS,0
6TXMHO,0
GYWXMB,3800
BRRW0B,0
JO775E,4333
F59T8X,0
XXMM9S,0
CFMW9C,0
WT9FHC,3638
TQRKME,0
WXFZ52,0
NZJKTF,3896
FCT7AL,4283
6J1GC7,4099
3O5BN8,4157
57A8EZ,3756
T75OV2,0
PQP2HV,0
HH4SN3,4247
TGHEU1,3752
TCL238,0
A2WYN5,4262
CR8EEM,3917
KHNNOK,4174
BX8XFI,0
VC79VM,3550
5FLAAX,3955
81PSS5,3890
ZH4LUJ,0
5SMRD1,0
WSKUXE,0
URUECE,4069
AYQ9SS,4059
EX3VDZ,0
X84YOA,3985
MJOJGB,0
MWA129,3671
0GM09D,4038
SZSRLO,0
O444P7,0
9PN66J,0
XFFEB3,0
DCKC0R,0
SS2YJC,3682
58VQVT,0
XR3TA6,3919
XHY015,4051
A0ANN0,0
CIQASJ,3887
I41NZ6,4109
C8B97R,3766
DOSIM3,0
F2WIZB,0
02XW9X,0
EKWY4S,4167
FW41DB,0
SB9IHO,3938
IJHFLE,3952
3S2QUU,3689
QI80H0,0
BHJJUJ,0
H42LF5,0
KO1HRJ,0
9Q2AWW,0
X8XF1M,0
O294S1,3866
0MMPBY,4274
SCOKNW,0
CK3A6S,0
HT4X71,4146
RR59MO,0
0H0UEO,3973
70ONEN,0
H83MSJ,0
ZMY6GA,0
14WR0H,0
XFE3J8,0
CXMVBG,0
88LF7X,0
4U6ANZ,0
26BNQE,0
0JFYKA,0
BJBLCD,4071
UR8U0J,0
GAEX88,0
52LN24,3814
GS6CUU,4168
F9ATA2,0
M4JRAD,3955
JKO5Z5,0
53O6JA,0
1WI931,3790
1U3B6P,4353
FXTWCC,4184
5FQW08,0
LVO24N,3821
L0S4AA,0
HX54UZ,0
A2N0PS,4254
QU8NPA,4087
I7V0GZ,0
YQAIAY,0
Y3NPKA,3935
NE6RLX,0
6QBQ2V,0
ORR36N,4130
33MG0O,3996
IDHR54,0
ZOQ6P6,0
0BY2WC,4086
4T9AFB,0
51XCHP,0
J0P3XG,4263
CUHDW6,0
H8JAWI,3920
X2Z720,0
K9EP3C,0
6CHYB2,4116
56P4BB,4189
8KIJU9,0
QOD9PA,0
PSIYF3,0
LIOP5Y,0
3MVE4N,0
DLLU5A,3704
IL1Y5J,3981
J03BEB,0
LUYQFL,0
BK6160,0
2SUU9Z,3902
5EIY1W,0
62TC0B,4043
BWCPKF,0
NM7L1P,0
JBX7S9,4158
4G9YUJ,3817
VKVU2T,4143
TMCG0E,3989
ZK7HUS,4051
FOCDWK,4086
QPHVZV,0
XZXZ3B,0
0EXTDF,4356
V6C71P,0
FDAHGK,0
YXTCFD,0
Q6L8XX,3938
1AT006,0
PZ3Q4L,4356
2HWGD6,0
GNI36Z,4071
92G32D,4007
69EIMX,3946
ZV0YWY,0
BN9TJU,4012
0PWT2R,0
78G3HG,4001
YHYU85,4020
IJ7ECX,0
TR7DD9,0
HKCM6U,0
V7JS9E,0
TDPL7X,3862
QWZALP,4020
HVMXGZ,4090
WVJA1U,3932
JODF2Q,4131
TQ1K38,0
V3MW75,0
JYUHNW,3973
9WZFD1,4044
L5HOKN,0
CHVVFH,0
9UTI7A,0
HM1T5V,0
27X6PE,4283
ROVM2T,0
1MVKMS,0
Y88BKL,3984
KXX76W,0
CS9NKS,4110
92X34E,4148
WROXGU,4111
UZSX6M,3559
AEB0B5,3946
N8AFGT,4005
IV14ZY,4217
77BCBN,0
VDPSLK,0
W5JY3X,4190
Z22V96,0
TEFESP,4031
BZGLIO,4049
WOWCE3,0
B0R098,0
WR3RI0,3936
J0DJTO,0
AJDRVO,4160
Z99E9H,0
UF0MAL,0
T0WOJK,4141
1OPSYF,4198
CVSPKE,0
D8V6OI,4033
NFEH33,4282
24R6IZ,0
E84M17,0
KG5NYY,0
T06TED,0
EWCDU1,0
GIVITV,0
F4VPIA,3990
358FH8,4083
K6CWSI,0
IVQCQF,3744
JSARS6,0
WK3X1N,4384
6S9JVE,0
MI2NS7,0
4YLW9F,3809
EPB40T,0
XVUC40,0
XC2G7F,0
S33KKL,0
JAPN5M,4018
IXE6FD,3895
L9Y50V,0
5HQ6Q1,3603
V1Y3TI,4061
G7SMN5,0
BDKRLN,0
JA76WG,0
0OVCAJ,0
4WDJZU,0
8M6GYC,0
J5HOLR,3866
P5SI4F,3853
076E39,4192
CLUEYU,0
ZKE8K8,3865
LG3953,4027
PQAGZV,4023
ZKQL31,0
91TZ3O,3544
KRTE3P,4381
QSLI7R,4285
1L8PCF,0
JKL0FM,4078
5ETL5S,4030
GJX9L7,0
16YELX,3911
LBZ8RU,4042
WDQE5D,3831
1KJRYG,0
ECIAPL,0
OCNWCU,0
DI9VHW,4164
RIQ68V,0
5YNHMI,4192
P7TMIB,0
KLPC2B,0
VQWLBO,4174
N3Y2KI,3901
K2GA2V,3994
LPIUOQ,0
WVIWL7,0
TALW8R,0
3878J3,4147
VCRZYZ,3969
6IRKCE,0
I5TCTQ,0
IUX1DR,0
S1194A,0
EWJZUQ,3725
NRCCLS,0
N8071V,0
JQ4EM9,3893
KTORVI,4250
PT071D,3968
SKUKQM,4208
ZXWR1M,0
GJA732,4157
TD03DZ,0
97L4ZM,0
P7X7U0,0
0A0IFE,0
28PEME,0
C6VEGY,3917
RL5OJF,0
5P2SZX,3980
8DD859,0
GPYLA9,3554
RCVJ0T,3808
O3B82U,0
LP6CGL,0
H5FKBE,0
NSWIXS,3804
A2FSA3,0
OZEQS5,0
0WTJZ8,4103
FUHXQG,3882
YS1VGV,4419
ACMUOE,0
SW5YLQ,0
N1JHBW,0
94SWA7,0
6L79TX,0
OJI51T,3976
3W38OH,0
WU3ZRK,4057
4UTDDB,3987
29FT0Y,0
BFRKF9,4154
BO4WGB,3965
91Q9SR,4104
1T8GVI,0
0PPFG0,0
FO58J1,3954
FC61GT,0
HUIYGC,3812
TJ7NSL,0
IHW3M2,4318
MOD117,0
B6IBEB,0
YP57PI,4230
JWE4CH,0
UP5NLN,3947
A9T8L1,3840
PNWQNL,4049
R2MWLN,0
E8ZL10,3857
Y78KD5,4134
VP0FVG,4115
5AOUDD,3584
RSVM45,4065
UV1K9I,0
ZUEQ42,3609
80KPO7,3956
5OZCS5,0
92HPYE,0
7M61H8,4113
I2C4CK,0
R73GI2,3867
6BKU3P,0
25R4NC,4128
4EMU28,0
N36HNB,4380
FABQ6B,3943
Q9HDRK,3995
8TW4UX,0
S69OKV,0
VP80BR,0
03PX3F,4142
U96OA5,4077
VXTLJN,0
AL05L4,3877
O7E8C0,0
I3YNQD,4131
5B9ZWW,4097
5E3CK4,3832
1CRUML,4155
RQQ4T9,0
6J4TDI,4168
Q2DKB6,3982
813WM0,0
DTB52I,3988
DFBB37,0
4FDUMZ,4140
NPNSMB,4051
4LX0H3,3820
T2F0G3,0
X1F9P2,3998
ZFINXA,0
9QRQQW,0
VHYSXR,0
UL0U9D,0
1XDD8H,4056
ILETS9,0
XIBDGT,0
18GE64,3796
1WHDW3,0
ZZTLJV,0
Q8RAQ1,0
Z7RDOL,0
48VWJW,4065
FTKEVV,0
13LTJ9,0
GG25WX,0
HXEJ7V,0
4JBV52,0
223WB5,0
15315A,4271
TBVO3A,0
1JHVO7,0
Q9IXUJ,0
GJZDV3,4302
KBCFC4,4141
MBWDRW,0
RWUXAW,0
T55SXJ,0
R6Y8LP,3887
8YEXPT,4202
GW56VS,0
IR5PYM,4146
ZC1BKN,0
V47PXX,3986
Y9GKIJ,0
FQVRQ2,0
WUQ3MM,0
8QGRSO,4066
ZE2OHE,0
8X86PU,4439
Y9ZFF4,4161
H69EMW,3910
VUEYRM,0
ZWBG7Z,3971
TQL2XJ,4037
Z4WB5A,0
HM3UR6,3914
9DHV36,3759
20QL99,3625
4K1WWL,4000
JPXOGV,0
SA2LRK,4095
KCU00Z,4137
DM3NAU,4077
UHWFXI,4199
3LKCPP,0
P5OHRJ,4142
L3AEAB,0
H2BCSX,0
KUOEHI,3879
XD3RJR,4216
O9PBWK,0
NMIA7G,0
UF2ZK6,0
92H4EV,0
SG1QXY,3893
DS21FL,0
ZMYEJS,0
MYRE4P,0
U16738,0
QQF4QN,0
JG0ZNV,3967
RUYE05,0
QWTIX3,0
HOELKU,4308
SVFLGW,0
I941E5,0
KW1CUQ,0
JXNW17,0
F2UYER,3992
4917PB,0
W962OR,3944
T1E097,0
O75YX4,0
KF4NTZ,3911
8X66JZ,3749
J2UN5Q,0
KOHT4J,0
2UNOWK,0
Y6ONRQ,3853
VCXA2G,4005
K7B4YU,3725
4VDKSS,4077
FS3Q7Z,3905
74V8HT,4167
3S6FYQ,0
P8B8DQ,4043
Y7ZAOQ,3959
TVDP1V,4131
PE06N8,4191
TNUBEC,0
ZGUTHR,3624
TCY2WB,4100
IXVGHI,0
Z97X98,3854
EDL6YU,0
FX2FHX,4257
NI9HZM,4057
5D768L,0
2S1ETP,0
65TXXV,4211
8B7END,0
1ONMF0,0
K3U619,3997
PTRSRI,0
KGZKUR,0
LT43X7,4008
0RXFW1,4111
6VTFQT,0
QRR3UD,4146
TQAFOR,0
5C8YU7,4169
5KKUR9,4271
ZSGB3T,0
71DB6K,4196
KNMLYM,0
SRCHJD,4056
4CBENJ,0
45L4SM,4220
WLI5X9,3811
DD695Q,4150
V2QCMM,4147
6W1XN4,0
CYA75Y,0
W1MGA1,3913
JIGWPP,0
47X1PR,0
W5Q5XB,0
F8IJWM,3876
CKQVK3,0
CF5CCT,4063
KRX6Y7,3878
TDY8GB,3733
65MSTT,0
FF2PGM,0
WJOMU6,4267
2HKRNG,0
SAFUNF,3821
0UZMBC,0
GEFLQ0,0
JVWULR,0
J7CY61,3803
3UV9WD,0
RK5P02,0
230X46,3901
2J61L5,0
JO668C,3992
CFRXY9,0
WJC86G,4144
AUS4QO,4316
OHM5TX,4230
T6W97M,0
SEXNZ1,3847
IS0BBB,4291
OL56PY,3903
6ZB1H1,0
8M008Q,3969
BWRWC9,4111
R8KRXL,0
WI3MG7,3930
E2R5DE,4509
5HMR69,4419
E49GSM,3961
E6BQ7R,0
0QE4HE,3930
EN2W6W,0
ZD5VB3,0
6NM7ZP,0
U94AEF,4132
FW0W53,0
VJW6OM,0
I5X4JV,0
20S3LP,4073
WL5QMO,4279
H2SYCW,4088
D30MET,3945
TGK0WT,4052
XZ09WS,4449
V0PJCH,3811
ZPJ42S,4098
9L5AED,3958
VCM9OQ,0
8IITAM,0
76PV40,0
2SXGGE,3848
K9SJDH,4042
AE2U1H,0
NDJMS6,0
65LDSM,0
KQRR1I,3866
3ZQXA0,3772
91GVYS,0
XWDVZ1,0
O01TFS,0
H8AW3E,3872
KF055T,0
U49GKC,4082
W1PR17,3900
QZEKC7,4108
81GFAM,0
J9P7EN,0
XNN6N6,0
25AEC8,0
L2KJCP,0
B5E83E,3885
I8QAVY,0
DIJ7KY,0
4RQGW9,0
SEJBVE,0
U0GR56,0
8I9D3F,4093
83UOI4,4019
S1R7V6,0
Z7C1RY,3936
K3X211,0
84F947,3938
8LL02H,0
ORJFG4,0
REAZ89,4495
CQHJYG,4262
UHW0R0,3995
GQU4SE,3967
Y306WQ,4210
PN2YKB,0
Q6WMCP,3657
OTTBPN,3978
Z9B48N,0
MVGF37,4272
ENWVHE,4190
E159GP,0
L8KOS4,0
Z6FLC1,0
WDKKTH,0
041TBE,4258
SIADUL,3848
J09BXI,0
0ZWSZ8,3867
62PKBE,0
92ACPX,4087
4R7LL8,0
NJ9442,4157
WA6WVA,4025
A9J7GH,0
2B36HS,0
P6SAFW,0
S7ETPS,0
DLTXM6,0
UHYGC4,0
LXCNK6,0
P1SA9G,0
6N2N46,3897
F0PKQ2,0
7WNY4G,4203
XYN360,4354
60CD42,0
19LYCA,0
TPHN9K,3843
V5Q7TK,3807
X0ZUR9,0
5VAY0S,0
ILOMXQ,0
2S07TM,0
NIAPEY,0
FFJ254,3531
SVCJGD,0
0WGXZ9,4131
DE64UM,3830
Q2YYWV,4313
CPSQZC,0
RFOB1Z,3947
MHMET8,0
RP8JOT,0
1TP36D,3759
3HLC5X,0
2S0E5L,3987
57SXMK,0
069WSG,0
ASBX4Y,0
9EO4PA,0
RVTUOX,3713
ZDY780,0
KP3296,4252
M0HXOW,0
Q17KVU,4022
V5NQML,0
2XZTV1,0
EZJOWT,0
YUP9II,4578
O5K7HH,4266
S7Y4LV,3999
YPYBXT,0
CE1YVD,4161
8ATTK6,0
R9ITJU,0
HTE2JV,0
7PDYTH,3706
7T1EW9,4246
BRDCAH,4159
AD16DN,3697
KZW2ON,0
79TU33,4008
9IQHUM,4204
D4NW3H,0
8A5TCS,3562
9NM2L9,4221
6VI2SP,4170
P0VQY5,4169
U232VO,0
TEZT3A,0
N3X6JJ,0
WSZWZR,4094
IUSGMR,4061
VMRH2A,4102
XX2D3P,0
UKTX4G,3720
V5PNKT,0
U192YW,0
MVBJCZ,4345
TXT4V9,0
1K4V03,0
3TIC7R,4332
ZACI9F,0
VGXPMH,3956
S9WR3X,0
QA2ILS,4047
5MJVOS,0
XN52AC,0
85MP4V,0
81GOGQ,0
BERWJQ,3948
ICU1EW,3996
A412F6,0
VYXNYW,0
JK43PF,0
8LLOQD,4155
LTLPN2,4082
WH0SON,4146
U44279,4354
RWNLL4,3764
XGGACZ,3892
JDG0SG,0
V4IC3F,4358
GC5YWJ,3971
PBE0AM,4111
H9VK45,0
WVKC41,4073
0XRBO1,0
ASHCU3,0
V4RJXI,3888
AN5QDP,0
Y8VHIH,4017
2IWB8D,0
5YGHM7,0
7SAGEI,0
AA3GLI,3849
5Q40VC,0
TYVAS5,3701
E1C0WO,0
S25BL7,4377
1H0RUO,3778
GDP7DL,0
TG45PA,0
N72CU5,0
T1L1UK,0
ENLC91,0
8YUCG1,3796
HYZPDJ,4402
77KZ24,4398
U3QWTG,3973
W0VY5N,3838
BV27NW,0
XHEXMH,4132
G8OILS,4062
HHGV7Y,0
TOV22K,0
2T0Q8G,0
ST5FL8,4173
G8PHEQ,4229
K3O76W,4062
ZD6MZS,3977
ZPPYT0,0
Q48F9L,0
TW6NVX,0
