alpha,ids
0.8167200761438833,['HDULEH' 'NAC6N1' 'U2T1C7' ... 'PDBYGZ' 'IJ9RIQ' 'FWOZZ1']
0.8029031203951722,['HDULEH' 'NAC6N1' 'U2T1C7' ... 'GNX0G3' 'H69EMW' 'VCRZYZ']
0.8151105772207577,['HDULEH' 'NAC6N1' 'U2T1C7' ... 'J1HADE' 'O294S1' 'FW0F2M']
0.8048748129809211,['HDULEH' 'NAC6N1' 'U2T1C7' ... 'VELH3W' 'XG3ZQJ' 'YJWJLV']
0.76899996006471,['HDULEH' 'NAC6N1' 'U2T1C7' ... '8OJLTE' 'MOBVBC' 'RVXGH3']
0.8277963690470151,['HDULEH' 'NAC6N1' 'U2T1C7' ... 'BD55NO' '2WGCQ4' '9FVNAB']
0.8210977518296718,['HDULEH' 'NAC6N1' 'U2T1C7' ... 'G09OD4' 'C1GCCP' '7HQZXK']
0.8146137730566692,['HDULEH' 'NAC6N1' 'U2T1C7' ... 'BYHVG9' 'PHFY8S' '91Q9SR']
0.8305348111595403,['HDULEH' 'NAC6N1' 'U2T1C7' ... '2IM33L' 'MTO35S' '1FM03Z']
0.822393383985604,['HDULEH' 'NAC6N1' 'U2T1C7' ... 'YUP9II' 'H9R5ET' 'VCXA2G']
0.7918738416331953,['HDULEH' 'NAC6N1' 'U2T1C7' ... 'SMD87Z' 'K0H5DN' 'XYN360']
0.7962354000526549,['HDULEH' 'NAC6N1' 'U2T1C7' ... '0RXFW1' 'AL05L4' 'KRTE3P']
0.8218327536560157,['HDULEH' 'NAC6N1' 'U2T1C7' ... 'B5E83E' 'YF3S3W' '102L0Q']
0.7808529630636808,['HDULEH' 'NAC6N1' 'U2T1C7' ... '7M61H8' '2ZMJ6C' 'TCMDOV']
0.8351090273664121,['HDULEH' 'NAC6N1' 'U2T1C7' ... 'OAKKH9' 'EXKA0S' 'FCT7AL']
0.8079919291227209,['HDULEH' 'NAC6N1' 'U2T1C7' ... '5J27IG' '2PE13K' 'E5CC21']
0.8373174525666854,['HDULEH' 'NAC6N1' 'U2T1C7' ... 'MBA3G1' 'FVKKZK' 'I5V6FG']
0.8183799373705188,['HDULEH' 'NAC6N1' 'U2T1C7' ... 'CS9NKS' 'XRR9AO' 'V9VV92']
0.8278330905137605,['HDULEH' 'NAC6N1' 'U2T1C7' ... 'Q6WMCP' 'UXKV0C' '78G3HG']
0.786388443856467,['HDULEH' 'NAC6N1' 'U2T1C7' ... 'Y73L92' 'DZOE3P' '2ZFY63']
0.796230171258386,['HDULEH' 'NAC6N1' 'U2T1C7' ... 'A3OMCL' '3TIC7R' '9N9QK0']
0.8190111804262206,['HDULEH' 'NAC6N1' 'U2T1C7' ... 'Q9DQK3' 'IJHFLE' 'SRZ3M2']
0.8366441020643494,['HDULEH' 'NAC6N1' 'U2T1C7' ... 'XYDRBQ' 'RTUZUK' '4WDZ33']
0.8112484073873966,['HDULEH' 'NAC6N1' 'U2T1C7' ... '7T1EW9' 'WGQLMQ' 'EQUPR3']
0.8120288534223045,['HDULEH' 'NAC6N1' 'U2T1C7' ... '9K0SOI' 'Z164JF' 'OHM5TX']
0.8118125683986883,['HDULEH' 'NAC6N1' 'U2T1C7' ... 'LV9V1E' '4Q2CW1' '940ZMY']
0.8041116412749677,['HDULEH' 'NAC6N1' 'U2T1C7' ... 'FLO8WI' 'FUHXQG' 'KCU00Z']
0.8130173669716635,['HDULEH' 'NAC6N1' 'U2T1C7' ... 'H7MAH4' 'BRDCAH' 'RCVJ0T']
0.7847418986626108,['HDULEH' 'NAC6N1' 'U2T1C7' ... '118RK2' 'PUZHUT' 'TYU8HO']
0.8290263482126088,['HDULEH' 'NAC6N1' 'U2T1C7' ... 'XRR9AO' '6Z6DXI' '2J0KMN']
0.8165438058773855,['HDULEH' 'NAC6N1' 'U2T1C7' ... '3X1HPN' 'YHYNSO' 'JQ4EM9']
0.8132624648878763,['HDULEH' 'NAC6N1' 'U2T1C7' ... '8LLOQD' '8IFANT' 'ST5FL8']
0.8180841485576619,['HDULEH' 'NAC6N1' 'U2T1C7' ... 'NB12D6' 'YWYPKG' 'VC79VM']
0.8039601861892192,['HDULEH' 'NAC6N1' 'U2T1C7' ... 'N8AFGT' 'AFAJX4' 'JODF2Q']
0.8402576070644014,['HDULEH' 'NAC6N1' 'U2T1C7' ... 'FMLQU4' '2PE13K' '15315A']
0.8257256397446756,['HDULEH' 'NAC6N1' 'U2T1C7' ... '6HR9PB' '4GUYLW' 'XHEXMH']
0.8060048729524544,['HDULEH' 'NAC6N1' 'U2T1C7' ... '56NZY5' 'E8ZL10' 'S6JUIH']
0.8001688055000434,['HDULEH' 'NAC6N1' 'U2T1C7' ... '45L4SM' '6HR9PB' 'JCCUG2']
0.8225937973587335,['HDULEH' 'NAC6N1' 'U2T1C7' ... 'QQH33L' 'DRL0Q0' '1WIEX7']
0.8105953899452966,['HDULEH' 'NAC6N1' 'U2T1C7' ... '4GC7KI' '7W3C87' '17XI12']
0.7823617537412652,['HDULEH' 'NAC6N1' 'U2T1C7' ... '4A1T2F' '2XAPQR' '8I9D3F']
0.8247468919918404,['HDULEH' 'NAC6N1' 'U2T1C7' ... '71DB6K' 'G472R9' 'ACCZA8']
0.795244023092305,['HDULEH' 'NAC6N1' 'U2T1C7' ... 'UZT4UI' '1LZFIK' 'TCY2WB']
0.8182186466806887,['HDULEH' 'NAC6N1' 'U2T1C7' ... 'BRDCAH' 'CVGXKN' 'W4TWYR']
0.8122604963011905,['HDULEH' 'NAC6N1' 'U2T1C7' ... 'VYFZK3' 'YFPDWQ' '4E3WHI']
0.8071862134481271,['HDULEH' 'NAC6N1' 'U2T1C7' ... '75VMH6' 'TQL2XJ' 'K0H5DN']
0.8010540289589515,['HDULEH' 'NAC6N1' 'U2T1C7' ... 'G9MEIU' '0WGXZ9' '8A5TCS']
0.7999851742813906,['HDULEH' 'NAC6N1' 'U2T1C7' ... '6J1GC7' '3VR4J8' 'VP0FVG']
0.8205509676517926,['HDULEH' 'NAC6N1' 'U2T1C7' ... 'SR8AMU' '75VMH6' '8QGRSO']
0.824922500727549,['HDULEH' 'NAC6N1' 'U2T1C7' ... 'Y70TO1' 'IQ0IUX' '29SP4J']
0.800648451622096,['HDULEH' 'NAC6N1' 'U2T1C7' ... 'D4QODF' 'I3YNQD' 'Q17KVU']
0.798695966205183,['HDULEH' 'NAC6N1' 'U2T1C7' ... 'PRWVE9' 'XO4VOF' 'C8B97R']
0.7840714452483354,['HDULEH' 'NAC6N1' 'U2T1C7' ... 'HZAOA9' 'JZYOEQ' '8XZHVY']
0.8362132427081406,['HDULEH' 'NAC6N1' 'U2T1C7' ... 'TZ4VKU' 'CK9HO2' 'CLSZJC']
0.7952443141280432,['HDULEH' 'NAC6N1' 'U2T1C7' ... 'RYX2EQ' 'AHBI71' 'JV9CKB']
0.8019461269859307,['HDULEH' 'NAC6N1' 'U2T1C7' ... 'O38KBY' 'Z8CP0R' '6V7URD']
0.8024245618820853,['HDULEH' 'NAC6N1' 'U2T1C7' ... 'TYVAS5' 'JUELN8' 'C63MPA']
0.8168338285985018,['HDULEH' 'NAC6N1' 'U2T1C7' ... 'VAQUUW' 'MQE7WO' '2LC96S']
0.7872691340984579,['HDULEH' 'NAC6N1' 'U2T1C7' ... '75VMH6' 'YB8OE0' 'R9REY0']
0.8209234450549384,['HDULEH' 'NAC6N1' 'U2T1C7' ... '7260I3' 'JBSLYH' '0F8CWZ']
0.8426988626378414,['HDULEH' 'NAC6N1' 'U2T1C7' ... 'ADCTLD' 'XPN8XD' 'BERWJQ']
0.7794909362546885,['HDULEH' 'NAC6N1' 'U2T1C7' ... 'MQE7WO' 'TVDP1V' 'LEJMCZ']
0.7961229013761195,['HDULEH' 'NAC6N1' 'U2T1C7' ... '3LPWSP' 'H64R06' 'H3T1XO']
0.8128182400733344,['HDULEH' 'NAC6N1' 'U2T1C7' ... 'S0BWPT' 'PU14F1' '3AIJA3']
0.8321214929661979,['HDULEH' 'NAC6N1' 'U2T1C7' ... 'MQE7WO' '3ZQXA0' 'TX471Q']
0.8128895023162772,['HDULEH' 'NAC6N1' 'U2T1C7' ... 'RFNMSP' '5J27IG' 'MVBJCZ']
0.8204347029942928,['HDULEH' 'NAC6N1' 'U2T1C7' ... 'H4L317' 'VKVU2T' 'UHWFXI']
0.8203442759031002,['HDULEH' 'NAC6N1' 'U2T1C7' ... 'ZQP63V' 'P3SIHR' '102L0Q']
0.7833650809166703,['HDULEH' 'NAC6N1' 'U2T1C7' ... 'WEN1XS' 'G2X9J4' 'IJ7Y34']
0.8062325207417101,['HDULEH' 'NAC6N1' 'U2T1C7' ... 'FONBA3' 'WAX07E' '922BM8']
0.8171986624926776,['HDULEH' 'NAC6N1' 'U2T1C7' ... '6YEMS7' 'IHO22M' 'UZT4UI']
0.8218597895085862,['HDULEH' 'NAC6N1' 'U2T1C7' ... '2HUY2I' '7260I3' '5ELD9X']
0.8262506657188735,['HDULEH' 'NAC6N1' 'U2T1C7' ... 'C50M45' '05Q82K' 'HVMXGZ']
0.823581668789413,['HDULEH' 'NAC6N1' 'U2T1C7' ... 'XZ09WS' 'ATVFN8' 'N6ABEV']
0.8180867033232782,['HDULEH' 'NAC6N1' 'U2T1C7' ... 'IJ7Y34' 'MBEFPX' 'GFV654']
0.8064929682463843,['HDULEH' 'NAC6N1' 'U2T1C7' ... 'IHW3M2' '83UOI4' 'P9AFWO']
0.8557812410113326,['HDULEH' 'NAC6N1' 'U2T1C7' ... 'RID2U5' '6NJM2L' 'LBUYMZ']
0.7954902053263915,['HDULEH' 'NAC6N1' 'U2T1C7' ... 'ANUBU0' 'R33C81' 'E645PU']
0.8032612229930373,['HDULEH' 'NAC6N1' 'U2T1C7' ... 'MXJL5L' '6YU9NK' 'QDI5NN']
0.8187403310636285,['HDULEH' 'NAC6N1' 'U2T1C7' ... '1DYOFK' '0ZG8I4' 'TY86C7']
0.8362731964593655,['HDULEH' 'NAC6N1' 'U2T1C7' ... 'SI530O' 'JUELN8' 'XI99CY']
0.8078396249595592,['HDULEH' 'NAC6N1' 'U2T1C7' ... 'KUKFI7' 'NIJVMQ' 'AP1P22']
0.8008324852652864,['HDULEH' 'NAC6N1' 'U2T1C7' ... 'TYU8HO' '4M73SR' 'QA2ILS']
0.8053279888226664,['HDULEH' 'NAC6N1' 'U2T1C7' ... 'VAQUUW' 'O38KBY' '82XDE7']
0.8034283030678119,['HDULEH' 'NAC6N1' 'U2T1C7' ... 'ZK7HUS' 'IJHFLE' 'PEWWN4']
0.7707694153123795,['HDULEH' 'NAC6N1' 'U2T1C7' ... '1WIEX7' 'W5JY3X' 'BVIJLZ']
0.7997468694189932,['HDULEH' 'NAC6N1' 'U2T1C7' ... 'YS1VGV' 'KCFG2F' 'Y8VHIH']
0.7757357394426222,['HDULEH' 'NAC6N1' 'U2T1C7' ... 'QMID7A' 'BXC5ED' '3FXNZN']
0.8031601094560206,['HDULEH' 'NAC6N1' 'U2T1C7' ... '9K0SOI' '5MEDFG' '5HQ6Q1']
0.8013305280981189,['HDULEH' 'NAC6N1' 'U2T1C7' ... 'Y0LPNC' 'BZJUA9' 'SBP251']
0.8380772371958456,['HDULEH' 'NAC6N1' 'U2T1C7' ... 'SRZ3M2' 'VVWVL2' 'C6A7QX']
0.8250658420442181,['HDULEH' 'NAC6N1' 'U2T1C7' ... 'TSKTRS' '2CU7ZY' '1U3B6P']
0.8357113721343264,['HDULEH' 'NAC6N1' 'U2T1C7' ... 'UZSX6M' 'SA2LRK' 'RL9VZ9']
0.7848752264299392,['HDULEH' 'NAC6N1' 'U2T1C7' ... 'TJOQL0' 'KPLHVT' 'KQRR1I']
0.8163882148291639,['HDULEH' 'NAC6N1' 'U2T1C7' ... 'V450BO' 'XPLZM0' 'Q9Q06N']
0.80954738700073,['HDULEH' 'NAC6N1' 'U2T1C7' ... '5ADUX1' 'G5FVYO' '23US2I']
0.8167763465772926,['HDULEH' 'NAC6N1' 'U2T1C7' ... '2J0KMN' '8JXALH' 'WJC86G']
0.8106908856915004,['HDULEH' 'NAC6N1' 'U2T1C7' ... '5HMR69' 'W5JY3X' 'H4L317']
0.8151140712281041,['HDULEH' 'NAC6N1' 'U2T1C7' ... 'YH5T8X' 'GFV654' 'PDBYGZ']
0.8210557935926692,['HDULEH' 'NAC6N1' 'U2T1C7' ... '0IOB07' 'F3BIKI' 'U5WGQX']
0.794120702841464,['HDULEH' 'NAC6N1' 'U2T1C7' ... 'BVZY8O' 'J6LXGV' 'ENAEBK']
0.806911202683009,['HDULEH' 'NAC6N1' 'U2T1C7' ... '102L0Q' 'I2AZ06' 'IKQ5K4']
0.8106861482223977,['HDULEH' 'NAC6N1' 'U2T1C7' ... 'YCYRIP' 'ETGDV4' '79TU33']
0.8180148361755785,['HDULEH' 'NAC6N1' 'U2T1C7' ... '36GCVQ' 'MX30JB' '32TQTC']
0.7939918966188497,['HDULEH' 'NAC6N1' 'U2T1C7' ... 'VGXPMH' 'CE1YVD' '3LPWSP']
0.7986878567527593,['HDULEH' 'NAC6N1' 'U2T1C7' ... '2LC96S' '48VWJW' 'WZ554S']
0.7955133444029439,['HDULEH' 'NAC6N1' 'U2T1C7' ... 'EYY4NU' 'MAPI47' 'PVLRKN']
0.8198858650597758,['HDULEH' 'NAC6N1' 'U2T1C7' ... 'YDMRLA' 'UUSK1R' 'ZD6MZS']
0.7713222297071299,['HDULEH' 'NAC6N1' 'U2T1C7' ... '59HPT0' '139POA' 'JYPWGM']
0.8302563159197127,['HDULEH' 'NAC6N1' 'U2T1C7' ... '8DSIE3' 'XYSPRG' 'WR3RI0']
0.7994356701210773,['HDULEH' 'NAC6N1' 'U2T1C7' ... 'GL1TP3' '7260I3' 'NZVDDR']
0.8190751546445715,['HDULEH' 'NAC6N1' 'U2T1C7' ... '9SLAQB' '3BHL4P' 'WQ7RJM']
0.8209829862680588,['HDULEH' 'NAC6N1' 'U2T1C7' ... 'WDQE5D' 'FZL55K' 'EQUPR3']
0.7885368759802482,['HDULEH' 'NAC6N1' 'U2T1C7' ... 'N8KFU5' 'IFBMYT' '3AIJA3']
0.7968940222547812,['HDULEH' 'NAC6N1' 'U2T1C7' ... 'EQUPR3' 'FBP4YE' '2I1YL0']
0.8307517797731349,['HDULEH' 'NAC6N1' 'U2T1C7' ... '041TBE' 'BNC0GU' 'YCYRIP']
0.8168852923882225,['HDULEH' 'NAC6N1' 'U2T1C7' ... '2UVBUF' 'H3T1XO' 'UHW0R0']
0.8202911735556496,['HDULEH' 'NAC6N1' 'U2T1C7' ... 'ZZZ0GT' 'WUW1GT' '5C8YU7']
0.8230438462915779,['HDULEH' 'NAC6N1' 'U2T1C7' ... 'Y2W1PH' '8X9K47' '96WVGA']
0.8151538368137152,['HDULEH' 'NAC6N1' 'U2T1C7' ... '5YCYNE' '5ETL5S' 'YDMRLA']
0.8113125336583286,['HDULEH' 'NAC6N1' 'U2T1C7' ... 'MOY444' 'R1YH7D' 'B0Q8HD']
0.8093893635246121,['HDULEH' 'NAC6N1' 'U2T1C7' ... '8I9D3F' 'ZFQJC2' 'WGQLMQ']
0.7878164282980409,['HDULEH' 'NAC6N1' 'U2T1C7' ... 'TEFESP' 'Q17KVU' 'K3O76W']
0.811026774343449,['HDULEH' 'NAC6N1' 'U2T1C7' ... 'YFPDWQ' 'NBJO6X' 'GC5YWJ']
0.7988144252783053,['HDULEH' 'NAC6N1' 'U2T1C7' ... 'MW0997' '13U76N' 'C338V4']
0.8103972258045272,['HDULEH' 'NAC6N1' 'U2T1C7' ... 'QZEKC7' 'O1CIFK' 'MLBZRG']
0.8386469022195261,['HDULEH' 'NAC6N1' 'U2T1C7' ... 'SS2YJC' 'F4VPIA' 'OHM5TX']
0.8197956593017757,['HDULEH' 'NAC6N1' 'U2T1C7' ... 'JE6TPO' '781QLG' '23US2I']
0.7928415331930456,['HDULEH' 'NAC6N1' 'U2T1C7' ... 'K9SJDH' 'GK4E07' 'GQXBVP']
0.8126235531356655,['HDULEH' 'NAC6N1' 'U2T1C7' ... 'KSA0KZ' 'MI04P7' 'KTORVI']
0.8241643598689128,['HDULEH' 'NAC6N1' 'U2T1C7' ... 'Z6HQ86' 'SIYCM3' 'QCRR2U']
0.8026032381747199,['HDULEH' 'NAC6N1' 'U2T1C7' ... 'IJHFLE' '52QJ8T' '83UOI4']
0.7946016045248832,['HDULEH' 'NAC6N1' 'U2T1C7' ... 'C8VH2B' 'B9LAHH' '6QTA3U']
0.814741806966987,['HDULEH' 'NAC6N1' 'U2T1C7' ... 'NZVDDR' '3TW6A4' 'AEWB71']
0.7950401174133357,['HDULEH' 'NAC6N1' 'U2T1C7' ... 'O1CIFK' 'WT9FHC' 'IYYFJQ']
0.8194105774634678,['HDULEH' 'NAC6N1' 'U2T1C7' ... 'J5WAE9' '044LNX' '7QQLOZ']
0.7954822613903657,['HDULEH' 'NAC6N1' 'U2T1C7' ... 'SAFUNF' 'KW6DCR' 'YFPDWQ']
0.8023082824392483,['HDULEH' 'NAC6N1' 'U2T1C7' ... '7WSTN9' 'X192U6' 'LMPJN0']
0.7853235485314949,['HDULEH' 'NAC6N1' 'U2T1C7' ... 'SG1QXY' 'UFCGFE' 'WJO6G8']
0.8358743050888486,['HDULEH' 'NAC6N1' 'U2T1C7' ... 'ZHWFHK' 'CGNPSR' 'KX1MEO']
0.7919496011515468,['HDULEH' 'NAC6N1' 'U2T1C7' ... 'VP0VFU' '2NGRX8' '8YEXPT']
0.8094267163848947,['HDULEH' 'NAC6N1' 'U2T1C7' ... 'AUS4QO' 'P5OHRJ' 'O8HPCU']
0.8158394119858603,['HDULEH' 'NAC6N1' 'U2T1C7' ... 'XZIW0R' '0EXTDF' 'RRYC5G']
0.8043682735529712,['HDULEH' 'NAC6N1' 'U2T1C7' ... 'ON3JN9' 'YO5UIV' 'VAQUUW']
0.7479520347486028,['HDULEH' 'NAC6N1' 'U2T1C7' ... 'I1A9KN' 'XRR9AO' 'SZMC4E']
0.8137076276483025,['HDULEH' 'NAC6N1' 'U2T1C7' ... 'KYWZ7N' 'EXKYV3' 'L3JFGX']
0.8218313089209369,['HDULEH' 'NAC6N1' 'U2T1C7' ... 'GFZMB0' 'HH4SN3' 'O28GGT']
0.7940972148065298,['HDULEH' 'NAC6N1' 'U2T1C7' ... '9RZQQA' '74V8HT' '53LSPJ']
0.8317959494993633,['HDULEH' 'NAC6N1' 'U2T1C7' ... '04DT43' '4WGNXP' '4C2WM1']
0.7832848439993164,['HDULEH' 'NAC6N1' 'U2T1C7' ... 'BYHVG9' 'RXGU9A' 'ZH4JWZ']
0.8115206443432502,['HDULEH' 'NAC6N1' 'U2T1C7' ... 'BLC0AB' 'GLTV85' 'MDITAA']
0.7889704157032769,['HDULEH' 'NAC6N1' 'U2T1C7' ... 'BD55NO' 'YAU95H' 'MDITAA']
0.7937534868226838,['HDULEH' 'NAC6N1' 'U2T1C7' ... '0N8BAD' 'MNW2UP' 'A76MNW']
0.7903198095875104,['HDULEH' 'NAC6N1' 'U2T1C7' ... 'PF2PVP' '8M008Q' 'YK4KTZ']
0.8298710462853752,['HDULEH' 'NAC6N1' 'U2T1C7' ... 'J85PT8' 'Q51CZT' 'H64R06']
0.8427268062615298,['HDULEH' 'NAC6N1' 'U2T1C7' ... 'FNGZRE' 'P6T3SI' '8JXALH']
0.8052089248449001,['HDULEH' 'NAC6N1' 'U2T1C7' ... 'UZSX6M' 'MI04P7' 'IJHFLE']
0.7966955088392773,['HDULEH' 'NAC6N1' 'U2T1C7' ... '4GC7KI' 'YGGLTY' 'TGK0WT']
0.8296638525264397,['HDULEH' 'NAC6N1' 'U2T1C7' ... 'OM2AZD' '18GE64' 'Y70TO1']
0.8246246615839518,['HDULEH' 'NAC6N1' 'U2T1C7' ... 'W962OR' 'HV470A' 'KPLHVT']
0.8034152584738111,['HDULEH' 'NAC6N1' 'U2T1C7' ... '7QQLOZ' 'QUWV83' 'YLVP2C']
0.8138160623191816,['HDULEH' 'NAC6N1' 'U2T1C7' ... '14ROMS' '73J79E' 'DD695Q']
0.806847540178242,['HDULEH' 'NAC6N1' 'U2T1C7' ... '3B69PM' '59HPT0' 'CZBR14']
0.8152203841489657,['HDULEH' 'NAC6N1' 'U2T1C7' ... '0G42R2' '862X02' '0F8CWZ']
0.7604831721834698,['HDULEH' 'NAC6N1' 'U2T1C7' ... 'V0OVZI' '4C2WM1' 'BLESPI']
0.8159988284096144,['HDULEH' 'NAC6N1' 'U2T1C7' ... 'W0VY5N' 'R82ATM' 'Q6B4XS']
0.8013941756256054,['HDULEH' 'NAC6N1' 'U2T1C7' ... 'O28GGT' 'TGHEU1' 'EN4YQF']
0.8207766686942414,['HDULEH' 'NAC6N1' 'U2T1C7' ... 'G09OD4' 'B0A1WL' 'QU8NPA']
0.8183722645944409,['HDULEH' 'NAC6N1' 'U2T1C7' ... 'J5HOLR' 'C4ZXA5' 'WSZWZR']
0.8244403483560564,['HDULEH' 'NAC6N1' 'U2T1C7' ... '16YELX' 'X42K17' '79NM8W']
0.8166872124429049,['HDULEH' 'NAC6N1' 'U2T1C7' ... 'LMPJN0' 'LVO24N' '2WGCQ4']
0.7962294840278288,['HDULEH' 'NAC6N1' 'U2T1C7' ... 'RK4B9J' 'KQRR1I' 'WQP5SZ']
0.7808759218823702,['HDULEH' 'NAC6N1' 'U2T1C7' ... 'VF6S0N' '351KDW' 'J5WAE9']
0.8063552179612657,['HDULEH' 'NAC6N1' 'U2T1C7' ... '4X9YKF' '6B7AUF' 'GR7J04']
0.7946252006323606,['HDULEH' 'NAC6N1' 'U2T1C7' ... '86U7KZ' 'LC7N5Q' 'FXTWCC']
0.793641375876884,['HDULEH' 'NAC6N1' 'U2T1C7' ... 'AQPHLG' 'JNAXDJ' 'EU9KM9']
0.8037738927229017,['HDULEH' 'NAC6N1' 'U2T1C7' ... 'WTHUBT' 'LVO24N' 'A0EAZU']
0.8107081432737117,['HDULEH' 'NAC6N1' 'U2T1C7' ... '3260HM' '3C3XSZ' 'E645PU']
0.7966856483465105,['HDULEH' 'NAC6N1' 'U2T1C7' ... 'SZMC4E' 'FCT7AL' 'VKVU2T']
0.7942395954306594,['HDULEH' 'NAC6N1' 'U2T1C7' ... '9CD6NT' 'Y2341P' 'VQOHN8']
0.8191957333612602,['HDULEH' 'NAC6N1' 'U2T1C7' ... '6CHYB2' 'ON5X9M' '32TQTC']
0.7978370544484937,['HDULEH' 'NAC6N1' 'U2T1C7' ... '6NJM2L' 'BAC2AF' '0ZG8I4']
0.780640357137945,['HDULEH' 'NAC6N1' 'U2T1C7' ... '47BUD0' '25VIKL' 'NDJYF1']
0.8165982595031059,['HDULEH' 'NAC6N1' 'U2T1C7' ... '69EIMX' '1U3B6P' 'KXS4XL']
0.8100328139285611,['HDULEH' 'NAC6N1' 'U2T1C7' ... 'IS0BBB' 'FBP4YE' 'RL4CU9']
0.8148437484718277,['HDULEH' 'NAC6N1' 'U2T1C7' ... '3G9IIA' 'YQUDX3' 'QSLHWU']
0.820169121604699,['HDULEH' 'NAC6N1' 'U2T1C7' ... 'YHYNSO' 'IHW3M2' 'WLI5X9']
0.797485245750209,['HDULEH' 'NAC6N1' 'U2T1C7' ... '3VR4J8' 'WSZWZR' 'TDY8GB']
0.8168217443036769,['HDULEH' 'NAC6N1' 'U2T1C7' ... 'TMCG0E' 'Q51CZT' 'TY9RQP']
0.8148587548902319,['HDULEH' 'NAC6N1' 'U2T1C7' ... 'LV9V1E' 'DLLU5A' '4QRT8U']
0.7898792791365418,['HDULEH' 'NAC6N1' 'U2T1C7' ... 'H9X3CD' 'FFQT8C' '9K0SOI']
0.8200284884835121,['HDULEH' 'NAC6N1' 'U2T1C7' ... 'B1IVX4' 'QW5QOG' 'WJO6G8']
0.8415944806833784,['HDULEH' 'NAC6N1' 'U2T1C7' ... 'UUSK1R' 'UN8POU' '2PE13K']
0.8146847501535885,['HDULEH' 'NAC6N1' 'U2T1C7' ... 'BZGLIO' 'HM3UR6' 'EJER1R']
0.8284903087025425,['HDULEH' 'NAC6N1' 'U2T1C7' ... 'PRX1CQ' 'D86RVG' '2UVBUF']
0.7988946298653924,['HDULEH' 'NAC6N1' 'U2T1C7' ... '5KHGBC' 'YJWJLV' 'G3AVG8']
0.8296118805421205,['HDULEH' 'NAC6N1' 'U2T1C7' ... '922BM8' 'PUZHUT' 'A9T8L1']
0.7827406059928436,['HDULEH' 'NAC6N1' 'U2T1C7' ... 'Y2QSGT' 'JHKBUS' 'RL4CU9']
0.8187540943560735,['HDULEH' 'NAC6N1' 'U2T1C7' ... 'N9EBBW' 'OL56PY' 'DR8QBE']
0.819971321057891,['HDULEH' 'NAC6N1' 'U2T1C7' ... 'R5B5GR' '1O4PQQ' '0RXFW1']
0.8179626330890208,['HDULEH' 'NAC6N1' 'U2T1C7' ... 'G472R9' 'I5JXN2' '1Q8GKB']
0.8083231385457801,['HDULEH' 'NAC6N1' 'U2T1C7' ... 'D61T8N' 'J36NU6' 'C1PM74']
0.8168108768052472,['HDULEH' 'NAC6N1' 'U2T1C7' ... '2N7AAS' '2ZMJ6C' 'O4QSFT']
0.8183789080628433,['HDULEH' 'NAC6N1' 'U2T1C7' ... 'YFPDWQ' 'MAB2WB' 'H9R5ET']
0.7882293360048679,['HDULEH' 'NAC6N1' 'U2T1C7' ... 'RVTUOX' 'Q6B4XS' 'TY9RQP']
0.7965111197850643,['HDULEH' 'NAC6N1' 'U2T1C7' ... 'IA86WQ' 'KHNNOK' '358FH8']
0.84364895369156,['HDULEH' 'NAC6N1' 'U2T1C7' ... '6A83R9' 'R1P1FA' 'GP26P6']
0.8134915984372388,['HDULEH' 'NAC6N1' 'U2T1C7' ... 'RSJ154' 'DIM0LG' 'A0EAZU']
0.8034673278858184,['HDULEH' 'NAC6N1' 'U2T1C7' ... 'OH7EH2' 'GY5LZF' 'M3BPGH']
0.8051515176793824,['HDULEH' 'NAC6N1' 'U2T1C7' ... 'BLC0AB' '7FJAEN' 'M25Q22']
0.7645020706231939,['HDULEH' 'NAC6N1' 'U2T1C7' ... 'PEWWN4' 'YB8OE0' 'DEGFBM']
0.7904445948834554,['HDULEH' 'NAC6N1' 'U2T1C7' ... '4KZGQ0' 'ATVFN8' 'Q6B4XS']
0.7707546448527489,['HDULEH' 'NAC6N1' 'U2T1C7' ... 'MHZPD7' 'RVTUOX' 'VL6WIU']
0.8424908593228773,['HDULEH' 'NAC6N1' 'U2T1C7' ... 'VCRZYZ' '0PGPQI' 'ZWBG7Z']
0.831406686002396,['HDULEH' 'NAC6N1' 'U2T1C7' ... '5E3CK4' 'C338V4' '7HQZXK']
0.7881994647316498,['HDULEH' 'NAC6N1' 'U2T1C7' ... 'GN2C38' 'E49GSM' 'XZIW0R']
0.7951564879753483,['HDULEH' 'NAC6N1' 'U2T1C7' ... 'IVAP1S' 'T4QMX8' 'KAVA2X']
0.8271305579926105,['HDULEH' 'NAC6N1' 'U2T1C7' ... '0NJHZQ' '5ETL5S' 'JDP5T6']
0.8015667544537093,['HDULEH' 'NAC6N1' 'U2T1C7' ... '4WDZ33' 'HZAOA9' '5BD3LR']
0.8330096995838079,['HDULEH' 'NAC6N1' 'U2T1C7' ... '4PYLXP' 'SEXNZ1' 'R1OH6S']
0.8184480705881384,['HDULEH' 'NAC6N1' 'U2T1C7' ... 'DZOE3P' 'BRDCAH' '0QE4HE']
0.7906509615195161,['HDULEH' 'NAC6N1' 'U2T1C7' ... '6B7AUF' 'Z44WBC' '50RMLG']
0.8284212685200755,['HDULEH' 'NAC6N1' 'U2T1C7' ... '9I4Q4T' 'KHJM73' 'QMID7A']
0.8055086220531104,['HDULEH' 'NAC6N1' 'U2T1C7' ... '5GSHTS' 'HC0YJT' 'Q6B4XS']
0.7917171225031201,['HDULEH' 'NAC6N1' 'U2T1C7' ... '5XBA67' 'YP57PI' 'TDFXX1']
0.8024650870833838,['HDULEH' 'NAC6N1' 'U2T1C7' ... 'JO668C' 'H69EMW' 'JDP5T6']
0.7875419784197516,['HDULEH' 'NAC6N1' 'U2T1C7' ... 'LEAMKB' '94PQ2T' 'UHWFXI']
0.8181333984136168,['HDULEH' 'NAC6N1' 'U2T1C7' ... 'I41NZ6' 'Q9UMCP' 'JQ4EM9']
0.8012355636693655,['HDULEH' 'NAC6N1' 'U2T1C7' ... '32TQTC' 'KJ5EAO' 'PE06N8']
0.8030394992753751,['HDULEH' 'NAC6N1' 'U2T1C7' ... '80KPO7' 'GC5YWJ' '0LH3B5']
0.8118765586965111,['HDULEH' 'NAC6N1' 'U2T1C7' ... '50RMLG' 'XZIW0R' 'ALENQG']
0.8269301220112985,['HDULEH' 'NAC6N1' 'U2T1C7' ... 'F2UYER' 'LT43X7' '5ZT0CB']
0.7982851807069358,['HDULEH' 'NAC6N1' 'U2T1C7' ... 'ICU1EW' '2RKT5S' '57A8EZ']
0.8117248576455082,['HDULEH' 'NAC6N1' 'U2T1C7' ... '9NDZE0' '18GE64' 'XYN360']
0.7626886634374097,['HDULEH' 'NAC6N1' 'U2T1C7' ... 'OY08GZ' 'YGGLTY' 'XYN360']
0.8137044921026989,['HDULEH' 'NAC6N1' 'U2T1C7' ... '59HPT0' '3RN4NY' '6GBKL1']
0.8274305276123314,['HDULEH' 'NAC6N1' 'U2T1C7' ... 'R33C81' 'ZAM4CF' '8M008Q']
0.8251104523904303,['HDULEH' 'NAC6N1' 'U2T1C7' ... 'MNINPL' 'Q9Q06N' '18DRG6']
0.8430045834369929,['HDULEH' 'NAC6N1' 'U2T1C7' ... 'EXKYV3' '49KEEG' 'L3JFGX']
0.8021428406168402,['HDULEH' 'NAC6N1' 'U2T1C7' ... '1U3B6P' '4FDUMZ' 'KUOEHI']
0.8274212778738059,['HDULEH' 'NAC6N1' 'U2T1C7' ... 'LTLPN2' 'NB12D6' 'KVZQK0']
0.8175295583301427,['HDULEH' 'NAC6N1' 'U2T1C7' ... '837JQB' 'WQP5SZ' 'OAKKH9']
0.7984842119112293,['HDULEH' 'NAC6N1' 'U2T1C7' ... '9GKWO4' '69EIMX' 'TPHN9K']
0.7919278183509336,['HDULEH' 'NAC6N1' 'U2T1C7' ... 'C50M45' 'EAAWYL' '33D7WG']
0.7971533656860055,['HDULEH' 'NAC6N1' 'U2T1C7' ... 'H9X3CD' 'WK3X1N' 'LL69UU']
0.8064356698038012,['HDULEH' 'NAC6N1' 'U2T1C7' ... '0NH2US' 'R1OH6S' 'AD16DN']
0.807221318397393,['HDULEH' 'NAC6N1' 'U2T1C7' ... 'O5T4QM' 'Y3NPKA' 'M2KL4C']
0.8112747297801525,['HDULEH' 'NAC6N1' 'U2T1C7' ... '2HR2D6' '358FH8' 'OF2VT0']
0.8195530696963917,['HDULEH' 'NAC6N1' 'U2T1C7' ... 'I5V6FG' '96BBH5' 'QZEKC7']
0.7839964401600998,['HDULEH' 'NAC6N1' 'U2T1C7' ... 'ZK7HUS' '8I8QZD' 'SS2YJC']
0.8236409059162298,['HDULEH' 'NAC6N1' 'U2T1C7' ... '044LNX' '9NM2L9' 'GK4E07']
0.7855963141398159,['HDULEH' 'NAC6N1' 'U2T1C7' ... 'AD6BM2' 'T80KD0' 'JKL0FM']
0.7920535408292314,['HDULEH' 'NAC6N1' 'U2T1C7' ... '564025' 'GYWXMB' '3BHL4P']
0.8585643693132701,['HDULEH' 'NAC6N1' 'U2T1C7' ... 'BLC0AB' 'BRDCAH' '7U2BHB']
0.824713559977448,['HDULEH' 'NAC6N1' 'U2T1C7' ... 'AM9U0S' 'GHAK2H' '7PDYTH']
0.820458966511007,['HDULEH' 'NAC6N1' 'U2T1C7' ... 'HZAOA9' 'XAOIF7' '18DRG6']
0.81842739476623,['HDULEH' 'NAC6N1' 'U2T1C7' ... '8ROCZF' 'CUS8AY' 'FWOZZ1']
0.80729991991883,['HDULEH' 'NAC6N1' 'U2T1C7' ... 'XZ09WS' 'BLESPI' 'JELOYM']
0.7937719365744188,['HDULEH' 'NAC6N1' 'U2T1C7' ... 'J9BL4S' 'GBUSE0' 'ZUEQ42']
0.7807503319054662,['HDULEH' 'NAC6N1' 'U2T1C7' ... 'DIC3QA' '8UX0VW' 'N9NIRT']
0.8079245615899536,['HDULEH' 'NAC6N1' 'U2T1C7' ... 'O1CIFK' '5GA790' 'BYHVG9']
0.8022270989323524,['HDULEH' 'NAC6N1' 'U2T1C7' ... 'VMRH2A' 'KBUB4R' 'JBX7S9']
0.8023202698020859,['HDULEH' 'NAC6N1' 'U2T1C7' ... 'V0W6H3' '2HR2D6' 'Z5IQ4H']
0.8026409082044974,['HDULEH' 'NAC6N1' 'U2T1C7' ... '2ZMJ6C' 'IVAP1S' 'DFV4BB']
0.8127908000954369,['HDULEH' 'NAC6N1' 'U2T1C7' ... '4GUYLW' 'FOQW0F' 'K927KP']
0.813270053358227,['HDULEH' 'NAC6N1' 'U2T1C7' ... 'W563OR' 'RFNMSP' 'MCSP88']
0.8346352745576233,['HDULEH' 'NAC6N1' 'U2T1C7' ... 'TDFXX1' '0NH2US' 'KZB7TJ']
0.829501628268647,['HDULEH' 'NAC6N1' 'U2T1C7' ... 'GVZ75T' 'UXTZFI' 'NDJYF1']
0.7906340280238876,['HDULEH' 'NAC6N1' 'U2T1C7' ... '0JNPQD' 'TG2AQ4' 'C8B97R']
0.8545965648483383,['HDULEH' 'NAC6N1' 'U2T1C7' ... 'JEEPNH' '7LISLD' 'JHLPNI']
0.7991178763720176,['HDULEH' 'NAC6N1' 'U2T1C7' ... '3RN4NY' 'N6ABEV' 'OJI51T']
0.8126987285054705,['HDULEH' 'NAC6N1' 'U2T1C7' ... 'E645PU' 'ZAM4CF' 'JQ4EM9']
0.7847063076456894,['HDULEH' 'NAC6N1' 'U2T1C7' ... 'EKH1SZ' 'Y73L92' '17XI12']
0.8234640107339507,['HDULEH' 'NAC6N1' 'U2T1C7' ... 'OTTBPN' '3F8KRI' 'C1PM74']
0.7916279851858063,['HDULEH' 'NAC6N1' 'U2T1C7' ... '1IW0BC' 'LEAMKB' 'K21HIL']
0.8199018290834441,['HDULEH' 'NAC6N1' 'U2T1C7' ... 'T5JOFW' 'JO775E' '0WQ456']
0.8068736281508981,['HDULEH' 'NAC6N1' 'U2T1C7' ... 'U44279' 'LYIUL9' '33MG0O']
0.7918388517850242,['HDULEH' 'NAC6N1' 'U2T1C7' ... '80KPO7' '6NJM2L' '1IW0BC']
0.8110169163855805,['HDULEH' 'NAC6N1' 'U2T1C7' ... 'SWED10' 'LEAMKB' 'BKW9NF']
0.8007239271716508,['HDULEH' 'NAC6N1' 'U2T1C7' ... 'M25Q22' '1WI931' 'CZBR14']
0.8188943857285027,['HDULEH' 'NAC6N1' 'U2T1C7' ... 'RW0OBO' '64BEDG' 'U49GKC']
0.786013592085938,['HDULEH' 'NAC6N1' 'U2T1C7' ... 'ROD0GH' 'QW5QOG' 'EKWY4S']
0.7998168416581226,['HDULEH' 'NAC6N1' 'U2T1C7' ... 'N3Y2KI' '1II4O1' 'VYFZK3']
0.8264242723820817,['HDULEH' 'NAC6N1' 'U2T1C7' ... 'YRP9CS' 'D1PA67' 'MXJL5L']
0.8330153321387567,['HDULEH' 'NAC6N1' 'U2T1C7' ... 'IHW3M2' 'BZJUA9' '53AHEJ']
0.8043748602564993,['HDULEH' 'NAC6N1' 'U2T1C7' ... 'EXKYV3' 'G1BBNB' 'SZ6B14']
0.8331550712824727,['HDULEH' 'NAC6N1' 'U2T1C7' ... 'C47NOC' '77P2UY' 'ZD6MZS']
0.803720135569116,['HDULEH' 'NAC6N1' 'U2T1C7' ... 'MLE1R8' 'F8IJWM' 'A2T0EB']
0.7831849426122041,['HDULEH' 'NAC6N1' 'U2T1C7' ... 'SIYCM3' 'CK9HO2' 'CQ0NED']
0.8311811091680548,['HDULEH' 'NAC6N1' 'U2T1C7' ... 'SHQ230' '7LISLD' 'R1P1FA']
0.7786613271982021,['HDULEH' 'NAC6N1' 'U2T1C7' ... 'YWG2EP' 'QCRR2U' '351KDW']
0.782805190848551,['HDULEH' 'NAC6N1' 'U2T1C7' ... 'DIC3QA' 'XD3RJR' 'T5JOFW']
0.8297840078014661,['HDULEH' 'NAC6N1' 'U2T1C7' ... '1II4O1' '80EZ16' 'IHW3M2']
0.8223604475148629,['HDULEH' 'NAC6N1' 'U2T1C7' ... 'R8W40L' '33PHCF' 'BKW9NF']
0.7975634971643288,['HDULEH' 'NAC6N1' 'U2T1C7' ... 'CQHJYG' 'MH1LKA' 'REAZ89']
0.8259132717142418,['HDULEH' 'NAC6N1' 'U2T1C7' ... 'XRR9AO' '6HY4WV' 'K3G01K']
0.8293518907622404,['HDULEH' 'NAC6N1' 'U2T1C7' ... 'CV18CV' '1FM03Z' 'Q6B4XS']
0.7987578787603247,['HDULEH' 'NAC6N1' 'U2T1C7' ... 'GK5YRO' 'TYVAS5' 'O5K7HH']
0.8171855919844278,['HDULEH' 'NAC6N1' 'U2T1C7' ... 'C1O37V' 'BWRWC9' 'BI1LF1']
0.7963124955040298,['HDULEH' 'NAC6N1' 'U2T1C7' ... '42T6IC' '6Z6DXI' 'UXKV0C']
0.8367849171721533,['HDULEH' 'NAC6N1' 'U2T1C7' ... 'K7F2ZV' '8X86PU' 'CIFCOK']
0.8167033964141633,['HDULEH' 'NAC6N1' 'U2T1C7' ... 'UXKV0C' 'BLC0AB' '6HR9PB']
0.8419141558421681,['HDULEH' 'NAC6N1' 'U2T1C7' ... 'D30MET' 'C6VEGY' 'S6JUIH']
0.834998680219523,['HDULEH' 'NAC6N1' 'U2T1C7' ... 'R62YIH' '0GM09D' 'GW4PYF']
0.81231512285703,['HDULEH' 'NAC6N1' 'U2T1C7' ... '4QRT8U' '20G2RE' 'UB8Z93']
0.7928454042304426,['HDULEH' 'NAC6N1' 'U2T1C7' ... 'GVZ75T' 'NFEH33' 'TYVAS5']
0.831030681340364,['HDULEH' 'NAC6N1' 'U2T1C7' ... 'G09OD4' 'RVXGH3' 'FW0F2M']
0.8247497523286392,['HDULEH' 'NAC6N1' 'U2T1C7' ... 'M1P60Y' 'JG0ZNV' 'V5Q7TK']
0.7907516747542563,['HDULEH' 'NAC6N1' 'U2T1C7' ... '6QTA3U' '98W84E' 'WU3ZRK']
0.840572114244493,['HDULEH' 'NAC6N1' 'U2T1C7' ... 'XI99CY' '118RK2' '9XFBEC']
0.8142010573349965,['HDULEH' 'NAC6N1' 'U2T1C7' ... 'LBL5OF' 'IJHFLE' 'YGGLTY']
0.8125182353434802,['HDULEH' 'NAC6N1' 'U2T1C7' ... '92ACPX' '8YEXPT' '6V7URD']
0.7767812132052199,['HDULEH' 'NAC6N1' 'U2T1C7' ... 'IS0BBB' 'ICU1EW' 'KYWZ7N']
0.7984355280253537,['HDULEH' 'NAC6N1' 'U2T1C7' ... 'GFZMB0' 'R3PMFJ' 'WK3X1N']
0.8089101318870845,['HDULEH' 'NAC6N1' 'U2T1C7' ... '77P2UY' 'XKODWK' 'LBL5OF']
0.8062702279390414,['HDULEH' 'NAC6N1' 'U2T1C7' ... 'C6X8WX' 'H69EMW' '4G9YUJ']
0.7827307271519454,['HDULEH' 'NAC6N1' 'U2T1C7' ... 'CSDYMY' 'Y2W1PH' 'PRWVE9']
0.797517178304007,['HDULEH' 'NAC6N1' 'U2T1C7' ... '0ZWSZ8' '59HPT0' '9WO88G']
0.8222385554294824,['HDULEH' 'NAC6N1' 'U2T1C7' ... 'KY09Q0' 'SCAC39' 'KSA0KZ']
0.8296295514324018,['HDULEH' 'NAC6N1' 'U2T1C7' ... 'WLI5X9' '18DRG6' 'V0W6H3']
0.8108584504712549,['HDULEH' 'NAC6N1' 'U2T1C7' ... 'YF3S3W' 'Z164JF' 'WG3MIE']
0.8189802192179045,['HDULEH' 'NAC6N1' 'U2T1C7' ... '3TIC7R' 'EPOZCL' 'OAKKH9']
0.798461378605425,['HDULEH' 'NAC6N1' 'U2T1C7' ... '1U4IIK' '6Z6DXI' 'RSOZBL']
0.7443754388583308,['HDULEH' 'NAC6N1' 'U2T1C7' ... '52CYZO' 'XFSM07' 'B9CQAD']
0.8168809742303769,['HDULEH' 'NAC6N1' 'U2T1C7' ... 'J36NU6' 'NQGQCG' 'U06C68']
0.7804787204300424,['HDULEH' 'NAC6N1' 'U2T1C7' ... 'SIADUL' 'K927KP' 'BXC5ED']
0.8012264796132569,['HDULEH' 'NAC6N1' 'U2T1C7' ... 'BKW9NF' 'C8B97R' 'HWLZKP']
0.7769595968985629,['HDULEH' 'NAC6N1' 'U2T1C7' ... 'V0W6H3' 'C63MPA' 'OYU03J']
0.8229026429254028,['HDULEH' 'NAC6N1' 'U2T1C7' ... 'XYDRBQ' '9NM2L9' 'TB92G3']
0.8178189345131467,['HDULEH' 'NAC6N1' 'U2T1C7' ... '20QL99' 'MCSP88' 'FMLQU4']
0.829481315882421,['HDULEH' 'NAC6N1' 'U2T1C7' ... 'N36HNB' 'PBE0AM' 'NG3F32']
0.8197954117387198,['HDULEH' 'NAC6N1' 'U2T1C7' ... 'TB92G3' 'W7U1PX' 'DKVPET']
0.8252845179100354,['HDULEH' 'NAC6N1' 'U2T1C7' ... '29SP4J' '8IZ91I' 'TCTTIA']
0.814728440493145,['HDULEH' 'NAC6N1' 'U2T1C7' ... '6J8D8Q' 'KBCFC4' 'GGLWDN']
0.8230335927955769,['HDULEH' 'NAC6N1' 'U2T1C7' ... 'UVMZW6' '42T6IC' 'XRPI7G']
0.8122131257541265,['HDULEH' 'NAC6N1' 'U2T1C7' ... 'GW4PYF' '80U8KY' 'OJI51T']
0.8071221896632673,['HDULEH' 'NAC6N1' 'U2T1C7' ... 'UFQ889' '79DZC0' 'NB12D6']
0.8327720663726246,['HDULEH' 'NAC6N1' 'U2T1C7' ... 'ZHWFHK' '5HSVZA' 'UCNTO8']
0.7961472175889951,['HDULEH' 'NAC6N1' 'U2T1C7' ... '3UEIT2' '91Q9SR' 'FABQ6B']
0.8136590627584633,['HDULEH' 'NAC6N1' 'U2T1C7' ... 'SA2LRK' 'I8ZPED' '84F947']
0.8191699272302229,['HDULEH' 'NAC6N1' 'U2T1C7' ... 'D35K68' '7U2BHB' '9SLAQB']
0.8133894701510859,['HDULEH' 'NAC6N1' 'U2T1C7' ... '50LRI4' 'WUI1K8' '4UTDDB']
0.7822064777067752,['HDULEH' 'NAC6N1' 'U2T1C7' ... '2LC96S' '8UX0VW' 'MAPI47']
0.8127250659683456,['HDULEH' 'NAC6N1' 'U2T1C7' ... 'IKQ5K4' '20G2RE' 'Q9CLCO']
0.8327761212227472,['HDULEH' 'NAC6N1' 'U2T1C7' ... 'YBG3FA' 'L22NHO' 'OYU03J']
0.784384362327576,['HDULEH' 'NAC6N1' 'U2T1C7' ... '0ZWSZ8' 'C6VEGY' 'QMID7A']
0.8093187604700786,['HDULEH' 'NAC6N1' 'U2T1C7' ... 'UPJI8A' 'BX3ID6' '53RBO2']
0.811644534788015,['HDULEH' 'NAC6N1' 'U2T1C7' ... 'LVAJZM' 'B62DMQ' 'C8VH2B']
0.7848049149507748,['HDULEH' 'NAC6N1' 'U2T1C7' ... '5YNHMI' 'XHEXMH' '6H23C1']
0.8209686396270065,['HDULEH' 'NAC6N1' 'U2T1C7' ... 'AEB0B5' 'T80KD0' 'IA86WQ']
0.8230448674332315,['HDULEH' 'NAC6N1' 'U2T1C7' ... 'JHKBUS' 'FO58J1' '441AMF']
0.8413994310160955,['HDULEH' 'NAC6N1' 'U2T1C7' ... 'HM3UR6' 'JIC6MG' 'OSCCEB']
0.7942595565743796,['HDULEH' 'NAC6N1' 'U2T1C7' ... 'J9BL4S' '7YL6PC' 'MBEFPX']
0.7918164853911412,['HDULEH' 'NAC6N1' 'U2T1C7' ... 'MH1LKA' '9K0SOI' 'XJFFJ5']
0.8490816892340396,['HDULEH' 'NAC6N1' 'U2T1C7' ... 'GFZMB0' 'N8AFGT' 'EU9KM9']
0.8235409510465638,['HDULEH' 'NAC6N1' 'U2T1C7' ... 'KCN0O2' '5B9ZWW' 'E1JA1M']
0.8209883959585733,['HDULEH' 'NAC6N1' 'U2T1C7' ... 'IJ7Y34' 'RL4CU9' 'S25BL7']
0.8143581801671649,['HDULEH' 'NAC6N1' 'U2T1C7' ... 'OM4DSK' 'JVOX3F' 'DKVPET']
0.8046405255613949,['HDULEH' 'NAC6N1' 'U2T1C7' ... 'B3NVV7' 'WROXGU' 'N6ABEV']
0.8137455600603725,['HDULEH' 'NAC6N1' 'U2T1C7' ... '60XLRI' 'NFEH33' 'WS1TS2']
0.8439173142612271,['HDULEH' 'NAC6N1' 'U2T1C7' ... 'E645PU' 'XAR3NP' '2LC96S']
0.8054453025184305,['HDULEH' 'NAC6N1' 'U2T1C7' ... '8JWL2R' 'KRTE3P' 'XAR3NP']
0.8243242157885429,['HDULEH' 'NAC6N1' 'U2T1C7' ... 'CUS8AY' '441AMF' '1UO67G']
0.8159938973728773,['HDULEH' 'NAC6N1' 'U2T1C7' ... 'U44279' 'UHWFXI' '6YU9NK']
0.8367981911789579,['HDULEH' 'NAC6N1' 'U2T1C7' ... 'RSJ154' 'WROXGU' 'QQH33L']
0.7836047352572837,['HDULEH' 'NAC6N1' 'U2T1C7' ... 'A76MNW' 'HDXW1X' 'G8PHEQ']
0.8277990000414618,['HDULEH' 'NAC6N1' 'U2T1C7' ... '10FVW7' 'DD695Q' '5E3CK4']
0.8248813090459384,['HDULEH' 'NAC6N1' 'U2T1C7' ... 'E5CC21' 'AUZSRK' 'AP1P22']
0.8056025076977682,['HDULEH' 'NAC6N1' 'U2T1C7' ... '139POA' '3S2QUU' 'PDBYGZ']
0.8042148992338091,['HDULEH' 'NAC6N1' 'U2T1C7' ... '0YRCG4' 'K37RQC' '2HR2D6']
0.8273108617491673,['HDULEH' 'NAC6N1' 'U2T1C7' ... 'HH4SN3' 'D53MT3' 'NF43PR']
0.8112467595329762,['HDULEH' 'NAC6N1' 'U2T1C7' ... '8IFANT' 'MPO0RH' 'L3DDHC']
0.8077427753284091,['HDULEH' 'NAC6N1' 'U2T1C7' ... 'Q2DKB6' '5GSHTS' '0PGPQI']
0.8447059592528885,['HDULEH' 'NAC6N1' 'U2T1C7' ... 'CBDXF8' 'HMRMTM' 'H3T1XO']
0.7793537960084599,['HDULEH' 'NAC6N1' 'U2T1C7' ... '52LN24' 'CX8B8Z' 'IM9QCP']
0.8034976502755611,['HDULEH' 'NAC6N1' 'U2T1C7' ... 'AYQ9SS' 'Z1DLJQ' 'ERHR9W']
0.8271274160158878,['HDULEH' 'NAC6N1' 'U2T1C7' ... 'AK2C82' 'AJSXK4' 'ZHWFHK']
0.8206387102034663,['HDULEH' 'NAC6N1' 'U2T1C7' ... 'Z97W6J' 'MVGF37' '7YL6PC']
0.8078512121025115,['HDULEH' 'NAC6N1' 'U2T1C7' ... 'Z8Z2GE' '5YCYNE' 'XSVZ0D']
0.8021605565061389,['HDULEH' 'NAC6N1' 'U2T1C7' ... '8X86PU' '33D7WG' 'KUKFI7']
0.798534478609228,['HDULEH' 'NAC6N1' 'U2T1C7' ... 'C8B97R' '9VL3T1' '8YEXPT']
0.8038255827889053,['HDULEH' 'NAC6N1' 'U2T1C7' ... 'A2N0PS' 'EA7JK1' 'QU8NPA']
0.798886023954156,['HDULEH' 'NAC6N1' 'U2T1C7' ... 'PO1WPB' '33D7WG' 'PP167U']
0.8133003510644581,['HDULEH' 'NAC6N1' 'U2T1C7' ... 'ZFQJC2' 'SEXNZ1' 'C338V4']
0.8295698209601827,['HDULEH' 'NAC6N1' 'U2T1C7' ... 'DFV4BB' 'AEWB71' 'RFNMSP']
0.839564331525632,['HDULEH' 'NAC6N1' 'U2T1C7' ... '7HQZXK' 'TGK0WT' 'WS1TS2']
0.8296874351756265,['HDULEH' 'NAC6N1' 'U2T1C7' ... 'Y9ZFF4' 'K0H5DN' 'XUO6MV']
0.8092980675970547,['HDULEH' 'NAC6N1' 'U2T1C7' ... '52CYZO' 'DQE0YJ' 'TZ4VKU']
0.8208826866708084,['HDULEH' 'NAC6N1' 'U2T1C7' ... 'M2KL4C' '1X44WK' 'G9MEIU']
0.8102545416629169,['HDULEH' 'NAC6N1' 'U2T1C7' ... '4YLW9F' 'P6T3SI' 'ODLPXI']
0.7988455503952432,['HDULEH' 'NAC6N1' 'U2T1C7' ... '59HPT0' 'WAX07E' '98W84E']
0.7991284674307826,['HDULEH' 'NAC6N1' 'U2T1C7' ... 'Z97X98' 'PMFI0E' 'WWAHKO']
0.7815999284661075,['HDULEH' 'NAC6N1' 'U2T1C7' ... '1APHBF' 'F4VPIA' 'JQ4EM9']
0.8052931799324967,['HDULEH' 'NAC6N1' 'U2T1C7' ... 'O28GGT' 'Z7C1RY' 'YK4KTZ']
0.828337643130558,['HDULEH' 'NAC6N1' 'U2T1C7' ... 'WDQE5D' '4SAQ1J' 'VU6JZQ']
0.8082788839622166,['HDULEH' 'NAC6N1' 'U2T1C7' ... 'LD90VH' 'CTDP09' '9PSYMF']
0.8161547380077658,['HDULEH' 'NAC6N1' 'U2T1C7' ... 'IYYFJQ' 'RVXGH3' 'DT6VJ9']
0.8136767050520651,['HDULEH' 'NAC6N1' 'U2T1C7' ... 'FS3Q7Z' 'MDITAA' '6H23C1']
0.8277048120013225,['HDULEH' 'NAC6N1' 'U2T1C7' ... '50RMLG' 'Y67VYA' 'JUE9XP']
0.8191945380566558,['HDULEH' 'NAC6N1' 'U2T1C7' ... 'X2T4P3' 'PT071D' 'KSA0KZ']
0.7941294909683694,['HDULEH' 'NAC6N1' 'U2T1C7' ... 'M4JRAD' '9158EG' 'WL5QMO']
0.8340962854418194,['HDULEH' 'NAC6N1' 'U2T1C7' ... '7LU5RY' 'NS21FF' '6YILX5']
0.8053601416022167,['HDULEH' 'NAC6N1' 'U2T1C7' ... 'GN0JLK' 'SWED10' '9WO7LI']
0.808042098595171,['HDULEH' 'NAC6N1' 'U2T1C7' ... 'BRL878' 'C63MPA' 'M61FBH']
0.7871849261388635,['HDULEH' 'NAC6N1' 'U2T1C7' ... 'TKCDLW' 'SB9IHO' 'HLKGA8']
0.8182052331241015,['HDULEH' 'NAC6N1' 'U2T1C7' ... 'UUNSCA' 'A2WYN5' 'YWYPKG']
0.8332972158412563,['HDULEH' 'NAC6N1' 'U2T1C7' ... 'O7OR68' '6HY4WV' '2GC7YO']
0.8321305086343619,['HDULEH' 'NAC6N1' 'U2T1C7' ... '3260HM' '9I4Q4T' '2J0KMN']
0.815476108559642,['HDULEH' 'NAC6N1' 'U2T1C7' ... '40XBN0' '33D7WG' '62TC0B']
0.8104119337488644,['HDULEH' 'NAC6N1' 'U2T1C7' ... 'A76MNW' 'JO668C' 'J0P3XG']
0.7860796141177496,['HDULEH' 'NAC6N1' 'U2T1C7' ... 'AQPHLG' 'ZTEAKC' '5XBA67']
0.824018000357911,['HDULEH' 'NAC6N1' 'U2T1C7' ... 'YAU95H' 'WLPIH0' 'WGQLMQ']
0.8169984437145535,['HDULEH' 'NAC6N1' 'U2T1C7' ... '5XBA67' 'OH7EH2' 'GK4E07']
0.8103804810569537,['HDULEH' 'NAC6N1' 'U2T1C7' ... '77KZ24' '885T41' 'VJMEMH']
0.8087564509187032,['HDULEH' 'NAC6N1' 'U2T1C7' ... 'XYDRBQ' 'WLDBC7' 'GPYLA9']
0.7548286834607649,['HDULEH' 'NAC6N1' 'U2T1C7' ... 'OHM5TX' '30A856' 'OH7EH2']
0.8296051090876415,['HDULEH' 'NAC6N1' 'U2T1C7' ... 'X1F9P2' 'M25Q22' '68T7VW']
0.8031705788356015,['HDULEH' 'NAC6N1' 'U2T1C7' ... '3878J3' '6H23C1' '1VS9QF']
0.7958002027769985,['HDULEH' 'NAC6N1' 'U2T1C7' ... '2WGCQ4' 'O5T4QM' 'O294S1']
0.8053519251624829,['HDULEH' 'NAC6N1' 'U2T1C7' ... '4UPXNU' '5BWLHZ' 'Q8C69R']
0.8156741536252746,['HDULEH' 'NAC6N1' 'U2T1C7' ... '0069AH' '2WGCQ4' 'JG0ZNV']
0.8135862649505544,['HDULEH' 'NAC6N1' 'U2T1C7' ... 'KCN0O2' '358FH8' 'OL56PY']
0.8281896346005558,['HDULEH' 'NAC6N1' 'U2T1C7' ... '5MEDFG' 'B1IVX4' '4PYLXP']
0.8464902037912734,['HDULEH' 'NAC6N1' 'U2T1C7' ... 'ZH4JWZ' '7QBXHQ' '23US2I']
0.7971894989890749,['HDULEH' 'NAC6N1' 'U2T1C7' ... 'DRL0Q0' '74V8HT' '8LLOQD']
0.8098720702510556,['HDULEH' 'NAC6N1' 'U2T1C7' ... 'SA2LRK' 'HM3UR6' 'KHNNOK']
0.7954444509268734,['HDULEH' 'NAC6N1' 'U2T1C7' ... '5XBA67' 'QMID7A' '0IOB07']
0.8156138737617317,['HDULEH' 'NAC6N1' 'U2T1C7' ... 'QL33GN' 'CK9HO2' 'Y88BKL']
0.8120508220510544,['HDULEH' 'NAC6N1' 'U2T1C7' ... 'WDKOM8' '3LPWSP' '59HPT0']
0.7668730905941664,['HDULEH' 'NAC6N1' 'U2T1C7' ... 'KBELH8' 'GPYLA9' '9NDZE0']
0.8233228585062032,['HDULEH' 'NAC6N1' 'U2T1C7' ... 'IKQ5K4' 'A3OMCL' 'ZPJ42S']
0.7974842524678094,['HDULEH' 'NAC6N1' 'U2T1C7' ... 'VQWLBO' 'A9L9CD' '4GXFV7']
0.7685147211158084,['HDULEH' 'NAC6N1' 'U2T1C7' ... 'NIJVMQ' 'P6KMYH' '1NZVNI']
0.8305991603255222,['HDULEH' 'NAC6N1' 'U2T1C7' ... 'GZPA2P' '9L5AED' 'PRX1CQ']
0.8323983481753985,['HDULEH' 'NAC6N1' 'U2T1C7' ... 'MNINPL' '8I9D3F' 'DQE0YJ']
0.8293057116346118,['HDULEH' 'NAC6N1' 'U2T1C7' ... '7HM2Z5' 'EWJZUQ' '48VWJW']
0.8152009376024613,['HDULEH' 'NAC6N1' 'U2T1C7' ... 'OL56PY' 'CZBR14' 'FO58J1']
0.8331806474409303,['HDULEH' 'NAC6N1' 'U2T1C7' ... '8KXOTH' 'C338V4' 'O8HPCU']
0.7951037062679104,['HDULEH' 'NAC6N1' 'U2T1C7' ... 'XSTOE4' 'SW77KE' '7W3C87']
0.828898246905689,['HDULEH' 'NAC6N1' 'U2T1C7' ... '7LISLD' 'FIJHAT' 'VU6JZQ']
0.8054680349999553,['HDULEH' 'NAC6N1' 'U2T1C7' ... 'XYDRBQ' 'AA3GLI' '5GA790']
0.8134024591538181,['HDULEH' 'NAC6N1' 'U2T1C7' ... 'G5FVYO' 'DT6VJ9' 'D70K91']
0.8062463004983846,['HDULEH' 'NAC6N1' 'U2T1C7' ... 'BLESPI' 'D4QODF' 'LYY1UT']
0.8302514781517846,['HDULEH' 'NAC6N1' 'U2T1C7' ... 'M2KL4C' 'U44279' '4PM9PY']
0.8225144308776793,['HDULEH' 'NAC6N1' 'U2T1C7' ... 'MWA129' 'GJZDV3' '33C7QB']
0.8096451872577515,['HDULEH' 'NAC6N1' 'U2T1C7' ... 'HV470A' 'I1A9KN' 'ZK7HUS']
0.8133041480325098,['HDULEH' 'NAC6N1' 'U2T1C7' ... 'JUELN8' 'BHG1C2' 'FVKKZK']
0.7993650640547296,['HDULEH' 'NAC6N1' 'U2T1C7' ... 'P1MXGZ' '09818D' 'BYHVG9']
0.7844172109024803,['HDULEH' 'NAC6N1' 'U2T1C7' ... '3BVQ5K' '8YEXPT' 'CTDP09']
0.8229957637051825,['HDULEH' 'NAC6N1' 'U2T1C7' ... 'CQHJYG' '8IZ91I' '8A5TCS']
0.8103561812500961,['HDULEH' 'NAC6N1' 'U2T1C7' ... 'DRL0Q0' 'OYU03J' 'BHG1C2']
0.8219516886057764,['HDULEH' 'NAC6N1' 'U2T1C7' ... 'D30MET' '6ETE8H' 'CC84OF']
0.8063825189939701,['HDULEH' 'NAC6N1' 'U2T1C7' ... 'VCRZYZ' 'Y2WFWH' '8A5TCS']
0.8307509724614339,['HDULEH' 'NAC6N1' 'U2T1C7' ... '77P2UY' '8ROCZF' '19H2RP']
0.8159676119093977,['HDULEH' 'NAC6N1' 'U2T1C7' ... 'O8V5M0' 'WEN1XS' 'H8AW3E']
0.810545158468178,['HDULEH' 'NAC6N1' 'U2T1C7' ... 'KVZQK0' 'UAAXGA' 'IXE6FD']
0.8365131334968463,['HDULEH' 'NAC6N1' 'U2T1C7' ... '4Q2UCP' 'PRWVE9' '4YLW9F']
0.7945530175339252,['HDULEH' 'NAC6N1' 'U2T1C7' ... 'U49GKC' 'RL4CU9' 'CBDXF8']
0.8219609450994864,['HDULEH' 'NAC6N1' 'U2T1C7' ... '3ZCP47' '0NH2US' '53T14O']
0.844293586199109,['HDULEH' 'NAC6N1' 'U2T1C7' ... 'MGE8J5' 'W962OR' 'H64R06']
0.777173139418384,['HDULEH' 'NAC6N1' 'U2T1C7' ... 'Y6ONRQ' '8X66JZ' '8I9D3F']
0.814448089920826,['HDULEH' 'NAC6N1' 'U2T1C7' ... 'GS6CUU' 'PADZ9T' 'YFPDWQ']
0.8323834750423397,['HDULEH' 'NAC6N1' 'U2T1C7' ... 'C1PM74' 'C6X24T' 'Q2DKB6']
0.8141192778459472,['HDULEH' 'NAC6N1' 'U2T1C7' ... 'BJBLCD' 'ZQ7HJX' 'MBA3G1']
0.8168805574481451,['HDULEH' 'NAC6N1' 'U2T1C7' ... 'TV7ZJD' 'QJLYCF' 'RQRG8N']
0.7836578312200508,['HDULEH' 'NAC6N1' 'U2T1C7' ... '6GBKL1' 'XSVZ0D' 'PFXON9']
0.8238006541392184,['HDULEH' 'NAC6N1' 'U2T1C7' ... 'V6F4HW' '69EIMX' 'FIC3YO']
0.8252907563675338,['HDULEH' 'NAC6N1' 'U2T1C7' ... '2XAPQR' 'RBO7EP' '33C7QB']
0.832426607813459,['HDULEH' 'NAC6N1' 'U2T1C7' ... 'UHWFXI' 'S7Y4LV' '5IAON7']
0.8292676282535627,['HDULEH' 'NAC6N1' 'U2T1C7' ... 'ZYAM5P' '8I9D3F' '6HWN0L']
0.8057174019715931,['HDULEH' 'NAC6N1' 'U2T1C7' ... '0N8BAD' 'RSVM45' 'ZCOWT3']
0.8018110330131017,['HDULEH' 'NAC6N1' 'U2T1C7' ... 'H8AW3E' 'WFYTEI' '4SAQ1J']
0.8215339187088874,['HDULEH' 'NAC6N1' 'U2T1C7' ... 'X7HXNW' '5ZT0CB' 'AEB0B5']
0.8099026118595326,['HDULEH' 'NAC6N1' 'U2T1C7' ... '7IO1HN' 'TX2024' 'U57EH5']
0.7952619419706606,['HDULEH' 'NAC6N1' 'U2T1C7' ... 'TVDP1V' 'OIWOM7' 'CLSZJC']
0.7986714138642272,['HDULEH' 'NAC6N1' 'U2T1C7' ... 'HR9FK4' '16YELX' 'P5OHRJ']
0.8418509970402372,['HDULEH' 'NAC6N1' 'U2T1C7' ... 'RRW5P0' 'O8V5M0' 'D3W5XD']
0.813396181582525,['HDULEH' 'NAC6N1' 'U2T1C7' ... '564025' 'F4VPIA' 'ZUEQ42']
0.783647871887534,['HDULEH' 'NAC6N1' 'U2T1C7' ... 'QL33GN' '4PYLXP' 'SR8AMU']
0.7940886503125024,['HDULEH' 'NAC6N1' 'U2T1C7' ... 'NCLHA4' 'XZ09WS' '20G2RE']
0.807787421856548,['HDULEH' 'NAC6N1' 'U2T1C7' ... '52QJ8T' 'LG3953' '6HR9PB']
0.8054932856162218,['HDULEH' 'NAC6N1' 'U2T1C7' ... 'AK2C82' '0MMPBY' 'CY1GZT']
0.8260629650948085,['HDULEH' 'NAC6N1' 'U2T1C7' ... 'B9LAHH' 'ZESFPG' '4ZPI0W']
0.7970505587142092,['HDULEH' 'NAC6N1' 'U2T1C7' ... '0BNT80' 'Q6L8XX' 'D4GTQL']
0.8215956691199104,['HDULEH' 'NAC6N1' 'U2T1C7' ... 'ZQP63V' '2IM33L' 'HLKGA8']
0.8305305631082357,['HDULEH' 'NAC6N1' 'U2T1C7' ... 'KXS4XL' 'I1A9KN' 'AEWB71']
0.8449826438468214,['HDULEH' 'NAC6N1' 'U2T1C7' ... 'NCLHA4' 'ISH5CD' 'G3KBTC']
0.7966854120207576,['HDULEH' 'NAC6N1' 'U2T1C7' ... '1DP728' '6J1GC7' 'U96OA5']
0.8022754427399615,['HDULEH' 'NAC6N1' 'U2T1C7' ... 'VXDBV7' '96WVGA' 'GN2C38']
0.8108311317623307,['HDULEH' 'NAC6N1' 'U2T1C7' ... '9WO88G' 'GP26P6' 'V5Q7TK']
0.8231696217405974,['HDULEH' 'NAC6N1' 'U2T1C7' ... 'QMHR2R' '48VWJW' 'JDP5T6']
0.7987545857550362,['HDULEH' 'NAC6N1' 'U2T1C7' ... 'EA7JK1' 'GJA732' '2WGCQ4']
0.8106416813249256,['HDULEH' 'NAC6N1' 'U2T1C7' ... 'WR3RI0' 'JNAXDJ' 'VJBA07']
0.8202460210207242,['HDULEH' 'NAC6N1' 'U2T1C7' ... '5MEDFG' 'YDMRLA' 'R73GI2']
0.8101291303488756,['HDULEH' 'NAC6N1' 'U2T1C7' ... 'FXTWCC' 'K69O9W' 'TDY8GB']
0.7826034235869127,['HDULEH' 'NAC6N1' 'U2T1C7' ... 'YG02FL' 'X44PQ5' '1U4IIK']
0.8411212157792827,['HDULEH' 'NAC6N1' 'U2T1C7' ... 'VXDBV7' '50RMLG' 'O7WBI8']
0.8026871049168975,['HDULEH' 'NAC6N1' 'U2T1C7' ... 'IVQCQF' '7260I3' '8UH6BK']
0.8194201453258294,['HDULEH' 'NAC6N1' 'U2T1C7' ... 'CE1YVD' 'AHBI71' '1O4PQQ']
0.8211000589075397,['HDULEH' 'NAC6N1' 'U2T1C7' ... 'BDO7UO' '64HU13' 'QL2WLD']
0.8254797742686499,['HDULEH' 'NAC6N1' 'U2T1C7' ... 'UB8Z93' 'LC19QE' 'A3OMCL']
0.8260204641262627,['HDULEH' 'NAC6N1' 'U2T1C7' ... 'U94AEF' 'A3OMCL' 'WG3MIE']
0.8204692146418334,['HDULEH' 'NAC6N1' 'U2T1C7' ... 'UM3PXK' 'QST4AD' 'XSW7ZG']
0.8234757456255286,['HDULEH' 'NAC6N1' 'U2T1C7' ... 'V0PJCH' '20G2RE' '9PSYMF']
0.815451212031336,['HDULEH' 'NAC6N1' 'U2T1C7' ... '5E3CK4' '0QE4HE' 'F8O0K0']
0.8134471011790657,['HDULEH' 'NAC6N1' 'U2T1C7' ... 'ZEGPBW' '3VR4J8' '64HU13']
0.8144599203551606,['HDULEH' 'NAC6N1' 'U2T1C7' ... '32TQTC' 'UB8Z93' 'A3OMCL']
0.8161589767442862,['HDULEH' 'NAC6N1' 'U2T1C7' ... 'GGLWDN' 'E645PU' '4QRT8U']
0.8201536645057819,['HDULEH' 'NAC6N1' 'U2T1C7' ... 'KSLTLQ' '8X9K47' 'UUNSCA']
0.8234771114287118,['HDULEH' 'NAC6N1' 'U2T1C7' ... 'ONMHZ9' 'WDKOM8' 'PEYQ9Z']
0.8220903029588696,['HDULEH' 'NAC6N1' 'U2T1C7' ... '0QE4HE' 'UFCGFE' 'FQPX72']
0.8201645176170607,['HDULEH' 'NAC6N1' 'U2T1C7' ... 'HUIYGC' 'UXKV0C' 'JFIPHC']
0.822852457297645,['HDULEH' 'NAC6N1' 'U2T1C7' ... 'HUIYGC' 'UXKV0C' 'EX7WKU']
0.8238534663910486,['HDULEH' 'NAC6N1' 'U2T1C7' ... 'S125EQ' 'RSJ154' '0G42R2']
0.8185460320539151,['HDULEH' 'NAC6N1' 'U2T1C7' ... 'EKWY4S' 'EECTI3' 'NFEH33']
0.8114359877448896,['HDULEH' 'NAC6N1' 'U2T1C7' ... '0G42R2' 'FVKKZK' '3FXNZN']
0.8158643981297707,['HDULEH' 'NAC6N1' 'U2T1C7' ... 'EKWY4S' 'YBG3FA' 'IHO22M']
0.8086099433497275,['HDULEH' 'NAC6N1' 'U2T1C7' ... 'SOR5YF' '2MK53R' 'NFEH33']
0.8092103111162238,['HDULEH' 'NAC6N1' 'U2T1C7' ... '0LH3B5' 'QQH33L' 'NFEH33']
0.8011829398460713,['HDULEH' 'NAC6N1' 'U2T1C7' ... '5KKUR9' '68T7VW' '3RN4NY']
0.8012552087762068,['HDULEH' 'NAC6N1' 'U2T1C7' ... 'I0E2GW' 'P9AFWO' '0G42R2']
0.7992799517799537,['HDULEH' 'NAC6N1' 'U2T1C7' ... '324OWU' '0LH3B5' 'QQH33L']
0.8109181404516282,['HDULEH' 'NAC6N1' 'U2T1C7' ... 'KYWZ7N' 'WDKOM8' '4YLW9F']
0.8102435538236266,['HDULEH' 'NAC6N1' 'U2T1C7' ... '324OWU' 'U662KB' 'F8IJWM']
0.8078962455395075,['HDULEH' 'NAC6N1' 'U2T1C7' ... 'HT4X71' 'C46LR1' '3U0OM4']
0.8065663488859084,['HDULEH' 'NAC6N1' 'U2T1C7' ... 'XZIW0R' 'WQ7RJM' 'PADZ9T']
0.8123448666992334,['HDULEH' 'NAC6N1' 'U2T1C7' ... 'XE2OE0' '4PYLXP' 'BO4WGB']
0.810221496326679,['HDULEH' 'NAC6N1' 'U2T1C7' ... 'JFIPHC' 'BO4WGB' 'XRPI7G']
0.8048406536387921,['HDULEH' 'NAC6N1' 'U2T1C7' ... 'WUW1GT' 'XE2OE0' 'S6JUIH']
0.8050416520810227,['HDULEH' 'NAC6N1' 'U2T1C7' ... 'AP1P22' 'U64T09' 'G2X9J4']
0.8033820331132572,['HDULEH' 'NAC6N1' 'U2T1C7' ... 'PADZ9T' 'AP1P22' 'XE2OE0']
0.8041187577159844,['HDULEH' 'NAC6N1' 'U2T1C7' ... 'BO4WGB' '076E39' 'RBO7EP']
0.8065863070560488,['HDULEH' 'NAC6N1' 'U2T1C7' ... '9TQ5LO' 'NPNSMB' 'EN4YQF']
0.8136642884834763,['HDULEH' 'NAC6N1' 'U2T1C7' ... 'FIJHAT' '6ETE8H' '0ZWSZ8']
0.8131799901024122,['HDULEH' 'NAC6N1' 'U2T1C7' ... 'HR9FK4' 'ECASJF' '0ZWSZ8']
0.8132868368145172,['HDULEH' 'NAC6N1' 'U2T1C7' ... '0ZWSZ8' 'R9REY0' 'PEYQ9Z']
0.81192316562252,['HDULEH' 'NAC6N1' 'U2T1C7' ... '3X1HPN' 'MDITAA' 'KX1MEO']
0.8093135519786663,['HDULEH' 'NAC6N1' 'U2T1C7' ... 'IL1Y5J' '3X1HPN' 'MDITAA']
0.806347330234217,['HDULEH' 'NAC6N1' 'U2T1C7' ... 'WF9J91' 'XRR9AO' 'JBSLYH']
0.8037966836429961,['HDULEH' 'NAC6N1' 'U2T1C7' ... 'WF9J91' 'JBSLYH' '53RBO2']
0.8019809068844002,['HDULEH' 'NAC6N1' 'U2T1C7' ... 'KRTE3P' 'XR3TA6' 'WF9J91']
0.8036827853712514,['HDULEH' 'NAC6N1' 'U2T1C7' ... 'XRR9AO' 'G3KBTC' 'XR3TA6']
0.8019783740405237,['HDULEH' 'NAC6N1' 'U2T1C7' ... 'WWAHKO' 'WF9J91' 'I0E2GW']
0.7997042559862872,['HDULEH' 'NAC6N1' 'U2T1C7' ... 'BDO7UO' '9ZUHRI' '53RBO2']
0.7975579454392844,['HDULEH' 'NAC6N1' 'U2T1C7' ... 'U06C68' 'R1P1FA' 'K9SJDH']
0.8004775138638992,['HDULEH' 'NAC6N1' 'U2T1C7' ... 'R1OH6S' 'T8NV0Q' '2UVBUF']
0.801064185993443,['HDULEH' 'NAC6N1' 'U2T1C7' ... '5C8YU7' 'R1OH6S' 'AFJV8Z']
0.7992707490200943,['HDULEH' 'NAC6N1' 'U2T1C7' ... 'WL5QMO' 'EYY4NU' '1NZVNI']
0.8006971366381066,['HDULEH' 'NAC6N1' 'U2T1C7' ... '0QE4HE' '52LN24' 'X1F9P2']
0.7994687278732733,['HDULEH' 'NAC6N1' 'U2T1C7' ... 'BWRWC9' '52LN24' 'X1F9P2']
0.7980966835483829,['HDULEH' 'NAC6N1' 'U2T1C7' ... 'X1F9P2' '9NM2L9' '2RKT5S']
0.8010892619870278,['HDULEH' 'NAC6N1' 'U2T1C7' ... 'X1F9P2' 'IVQCQF' 'RH19CW']
0.8021559366398072,['HDULEH' 'NAC6N1' 'U2T1C7' ... 'E645PU' 'EYY4NU' '1TP36D']
0.7974895537319636,['HDULEH' 'NAC6N1' 'U2T1C7' ... '6Z6DXI' 'JGQ590' 'AJSXK4']
0.7987003432969862,['HDULEH' 'NAC6N1' 'U2T1C7' ... '9ZUHRI' '5BD3LR' 'DT6VJ9']
0.799332070010717,['HDULEH' 'NAC6N1' 'U2T1C7' ... 'JGQ590' 'AJSXK4' '9SLAQB']
0.7895356096983812,['HDULEH' 'NAC6N1' 'U2T1C7' ... 'JGQ590' 'AJSXK4' '9SLAQB']
0.7968289338836212,['HDULEH' 'NAC6N1' 'U2T1C7' ... 'RQRG8N' 'DT6VJ9' 'RH19CW']
0.7932278166105899,['HDULEH' 'NAC6N1' 'U2T1C7' ... 'IR5PYM' 'BRL878' '076E39']
0.8011320798122376,['HDULEH' 'NAC6N1' 'U2T1C7' ... 'JGQ590' 'EA7JK1' 'HWLZKP']
0.808978223439132,['HDULEH' 'NAC6N1' 'U2T1C7' ... '7QQLOZ' 'XRPI7G' 'KRTE3P']
0.7996333089902294,['HDULEH' 'NAC6N1' 'U2T1C7' ... 'K2GA2V' 'Y8VHIH' 'CZBR14']
0.8024255727130121,['HDULEH' 'NAC6N1' 'U2T1C7' ... 'LIXQP9' 'A2N0PS' '837JQB']
0.7972591676242706,['HDULEH' 'NAC6N1' 'U2T1C7' ... '7LU5RY' '3TW6A4' 'TSCBBV']
0.7998671350541651,['HDULEH' 'NAC6N1' 'U2T1C7' ... 'AL05L4' '837JQB' 'VP0VFU']
0.7976414709780358,['HDULEH' 'NAC6N1' 'U2T1C7' ... '0MMPBY' '6BPW2O' 'VP0VFU']
0.7994550793066949,['HDULEH' 'NAC6N1' 'U2T1C7' ... 'AL05L4' '3BVQ5K' '0MMPBY']
0.7937508728396955,['HDULEH' 'NAC6N1' 'U2T1C7' ... '65TXXV' '59HPT0' 'ZEGPBW']
0.7930226037915846,['HDULEH' 'NAC6N1' 'U2T1C7' ... '9FVNAB' 'IVQCQF' 'R8W40L']
0.799150229344136,['HDULEH' 'NAC6N1' 'U2T1C7' ... 'ORR36N' '91TZ3O' 'Y88BKL']
0.7891189147558676,['HDULEH' 'NAC6N1' 'U2T1C7' ... 'NPNSMB' 'Y88BKL' 'ZNUJF6']
0.7911936211218835,['HDULEH' 'NAC6N1' 'U2T1C7' ... 'ZNUJF6' 'EN4YQF' 'SB9IHO']
0.7906023632714922,['HDULEH' 'NAC6N1' 'U2T1C7' ... '65TXXV' 'XSW7ZG' 'D3PDQG']
0.7901889368340282,['HDULEH' 'NAC6N1' 'U2T1C7' ... 'IWDT1O' '52QJ8T' 'YFPDWQ']
0.79654051683375,['HDULEH' 'NAC6N1' 'U2T1C7' ... '8A5TCS' 'YLVP2C' 'I0E2GW']
0.7845805079594439,['HDULEH' 'NAC6N1' 'U2T1C7' ... 'IKOYGG' 'KSA0KZ' 'IWDT1O']
0.7895334364825809,['HDULEH' 'NAC6N1' 'U2T1C7' ... 'UHWFXI' 'KSA0KZ' 'IWDT1O']
0.789646242344377,['HDULEH' 'NAC6N1' 'U2T1C7' ... 'IWDT1O' '7U2BHB' 'B5E83E']
0.7868585099244154,['HDULEH' 'NAC6N1' 'U2T1C7' ... 'YFPDWQ' 'D3W5XD' '8IZ91I']
0.7844660942160073,['HDULEH' 'NAC6N1' 'U2T1C7' ... '3VR4J8' '50RMLG' 'R3PMFJ']
0.7929750501250795,['HDULEH' 'NAC6N1' 'U2T1C7' ... 'IWDT1O' 'UZSX6M' 'B5E83E']
0.7917367744860598,['HDULEH' 'NAC6N1' 'U2T1C7' ... 'P0VQY5' 'AC6WUN' 'MFLM2O']
0.7908153017523839,['HDULEH' 'NAC6N1' 'U2T1C7' ... 'KRCW8S' '7WSTN9' 'PEYQ9Z']
0.7903643089097048,['HDULEH' 'NAC6N1' 'U2T1C7' ... 'TGHEU1' 'JFYWNC' '3VR4J8']
0.7935981221501426,['HDULEH' 'NAC6N1' 'U2T1C7' ... 'JO668C' '4RCM4K' 'HUIYGC']
0.7913710070336496,['HDULEH' 'NAC6N1' 'U2T1C7' ... 'ZQP63V' '1TP36D' '4RCM4K']
0.7948720412585863,['HDULEH' 'NAC6N1' 'U2T1C7' ... '8QGRSO' 'HUIYGC' 'UN8POU']
0.7926160831857382,['HDULEH' 'NAC6N1' 'U2T1C7' ... 'JO668C' '68T7VW' 'EAAWYL']
0.7975458753593808,['HDULEH' 'NAC6N1' 'U2T1C7' ... 'AUZSRK' 'ZQP63V' '1TP36D']
0.7964684584631452,['HDULEH' 'NAC6N1' 'U2T1C7' ... '1TP36D' 'IJ7Y34' 'O294S1']
0.7990770282006561,['HDULEH' 'NAC6N1' 'U2T1C7' ... 'ZQP63V' 'XFSM07' 'JAPN5M']
0.7943206744716612,['HDULEH' 'NAC6N1' 'U2T1C7' ... 'QA2ILS' '25VIKL' '36GCVQ']
0.7917282958473417,['HDULEH' 'NAC6N1' 'U2T1C7' ... 'O38KBY' 'P9AFWO' 'LYIUL9']
0.782866931126436,['HDULEH' 'NAC6N1' 'U2T1C7' ... '6V7URD' 'IHO22M' 'UUNSCA']
0.7826307684229439,['HDULEH' 'NAC6N1' 'U2T1C7' ... 'HLKGA8' 'U64T09' 'XRR9AO']
0.7877497600037069,['HDULEH' 'NAC6N1' 'U2T1C7' ... '4YLW9F' 'PVLRKN' '5HMR69']
0.7832629747833318,['HDULEH' 'NAC6N1' 'U2T1C7' ... 'F8AXZB' '3S2QUU' 'EX7WKU']
0.777127212812527,['HDULEH' 'NAC6N1' 'U2T1C7' ... 'JFIPHC' 'AUS4QO' '3U0OM4']
0.7793355175698462,['HDULEH' 'NAC6N1' 'U2T1C7' ... '0GM09D' 'D3W5XD' 'FOBM63']
0.7787444257717759,['HDULEH' 'NAC6N1' 'U2T1C7' ... '8DIQ1H' 'AYQ9SS' 'D3W5XD']
0.7774380264538017,['HDULEH' 'NAC6N1' 'U2T1C7' ... 'U6G9EA' 'EECTI3' 'KCU00Z']
0.7783821009003529,['HDULEH' 'NAC6N1' 'U2T1C7' ... 'KCU00Z' 'HM3UR6' 'I3YNQD']
0.783780602176213,['HDULEH' 'NAC6N1' 'U2T1C7' ... 'I3YNQD' 'EA7JK1' 'EX7WKU']
0.7819331602592797,['HDULEH' 'NAC6N1' 'U2T1C7' ... 'WZ554S' 'K2GA2V' 'IR5PYM']
0.780128625778893,['HDULEH' 'NAC6N1' 'U2T1C7' ... 'IR5PYM' 'OT4EOH' '6V7URD']
0.7785013674687943,['HDULEH' 'NAC6N1' 'U2T1C7' ... 'A3V1AB' 'KY09Q0' 'KCFG2F']
0.7800246811422004,['HDULEH' 'NAC6N1' 'U2T1C7' ... '2LC96S' 'IR5PYM' 'OT4EOH']
0.772886633633623,['HDULEH' 'NAC6N1' 'U2T1C7' ... 'A3V1AB' 'TY9RQP' 'YDSA7B']
0.7695677866107646,['HDULEH' 'NAC6N1' 'U2T1C7' ... '6V7URD' 'GR7J04' 'A3OMCL']
0.7737071227335125,['HDULEH' 'NAC6N1' 'U2T1C7' ... 'KY09Q0' 'KCFG2F' 'I3YNQD']
0.7756468390680546,['HDULEH' 'NAC6N1' 'U2T1C7' ... '3TW6A4' 'T5U6O9' 'BZJUA9']
0.7750713885411306,['HDULEH' 'NAC6N1' 'U2T1C7' ... 'T5U6O9' 'BZJUA9' '8DIQ1H']
0.77643642666515,['HDULEH' 'NAC6N1' 'U2T1C7' ... '8IZ91I' 'PIEK9M' 'ORR36N']
0.7724568389052715,['HDULEH' 'NAC6N1' 'U2T1C7' ... 'LMGOVW' 'IIYN8U' '5Z0WT4']
0.7712005384565133,['HDULEH' 'NAC6N1' 'U2T1C7' ... 'ZTEAKC' '5GA790' 'Q8C69R']
0.7691814872850855,['HDULEH' 'NAC6N1' 'U2T1C7' ... 'ZAM4CF' 'LMGOVW' 'A39C6E']
0.7666535330877742,['HDULEH' 'NAC6N1' 'U2T1C7' ... 'FW0F2M' 'ADCTLD' '09818D']
0.7683850159743714,['HDULEH' 'NAC6N1' 'U2T1C7' ... '5E3CK4' '3TW6A4' 'A3V1AB']
0.7684226311116925,['HDULEH' 'NAC6N1' 'U2T1C7' ... '6ETE8H' 'D53MT3' 'YWYPKG']
0.7699338409651557,['HDULEH' 'NAC6N1' 'U2T1C7' ... '2MK53R' 'V0OVZI' '1DUR00']
0.7684063497242954,['HDULEH' 'NAC6N1' 'U2T1C7' ... '3S2QUU' 'D70K91' '05Q82K']
0.7687300919812393,['HDULEH' 'NAC6N1' 'U2T1C7' ... 'YWYPKG' 'M1P60Y' 'UZSX6M']
0.7707769590157871,['HDULEH' 'NAC6N1' 'U2T1C7' ... 'T0WOJK' 'ZEGPBW' 'YWYPKG']
0.7738187744175422,['HDULEH' 'NAC6N1' 'U2T1C7' ... '0BY2WC' 'PUZHUT' 'ZCOWT3']
0.7719597473145604,['HDULEH' 'NAC6N1' 'U2T1C7' ... 'M1P60Y' 'KXS4XL' 'X42K17']
0.7609403515236735,['HDULEH' 'NAC6N1' 'U2T1C7' ... 'V8AX7D' 'ZCOWT3' '3RN4NY']
0.7634801411378891,['HDULEH' 'NAC6N1' 'U2T1C7' ... 'M1P60Y' 'KW6DCR' 'X42K17']
0.7688605608515013,['HDULEH' 'NAC6N1' 'U2T1C7' ... 'O8V5M0' '5GA790' '50RMLG']
0.7644617428909768,['HDULEH' 'NAC6N1' 'U2T1C7' ... 'KBCFC4' 'FS7SX2' 'GFQQWC']
0.7640072569751175,['HDULEH' 'NAC6N1' 'U2T1C7' ... 'FS7SX2' '8UH6BK' 'X84YOA']
0.7653376095143797,['HDULEH' 'NAC6N1' 'U2T1C7' ... 'M4JRAD' 'SKUKQM' 'YL3OEP']
0.7560502530240987,['HDULEH' 'NAC6N1' 'U2T1C7' ... '6O5XSO' 'OM2AZD' 'XR3TA6']
0.7635389582713843,['HDULEH' 'NAC6N1' 'U2T1C7' ... 'KBCFC4' 'G1BBNB' 'GFQQWC']
0.7637823263529874,['HDULEH' 'NAC6N1' 'U2T1C7' ... 'KBCFC4' 'SOR5YF' 'OM2AZD']
0.7668094103432065,['HDULEH' 'NAC6N1' 'U2T1C7' ... 'KBCFC4' 'ZZZ0GT' 'XR3TA6']
0.7614741924164753,['HDULEH' 'NAC6N1' 'U2T1C7' ... 'Y73L92' 'YBG3FA' 'FIJHAT']
0.7588838660208765,['HDULEH' 'NAC6N1' 'U2T1C7' ... '9ZUHRI' '7WSTN9' 'VP0VFU']
0.7596054731595483,['HDULEH' 'NAC6N1' 'U2T1C7' ... 'IKOYGG' 'UUNSCA' '2MK53R']
0.7540397970088727,['HDULEH' 'NAC6N1' 'U2T1C7' ... '8JXALH' 'VP0VFU' '52QJ8T']
0.757302710667503,['HDULEH' 'NAC6N1' 'U2T1C7' ... 'Y9ZFF4' 'IKOYGG' 'XRPI7G']
0.7544688060398567,['HDULEH' 'NAC6N1' 'U2T1C7' ... 'FIJHAT' 'RH19CW' 'GCV6BV']
0.7561371503127535,['HDULEH' 'NAC6N1' 'U2T1C7' ... 'ZNOAXG' 'JBSLYH' '56NZY5']
0.7605353379729836,['HDULEH' 'NAC6N1' 'U2T1C7' ... '45L4SM' 'QQH33L' 'D4GTQL']
0.7497585175239978,['HDULEH' 'NAC6N1' 'U2T1C7' ... 'EKWY4S' '10FVW7' 'IA86WQ']
0.7509316960888486,['HDULEH' 'NAC6N1' 'U2T1C7' ... 'U6BBKL' 'K3Y8SF' 'VJBA07']
0.756506518533863,['HDULEH' 'NAC6N1' 'U2T1C7' ... '6N2N46' 'F4L77Y' 'I3YNQD']
0.7537346635993957,['HDULEH' 'NAC6N1' 'U2T1C7' ... 'K2GA2V' 'QL33GN' '5T4WJF']
0.7614651632625721,['HDULEH' 'NAC6N1' 'U2T1C7' ... '8I9D3F' 'AB30SM' '441AMF']
0.7575490284489453,['HDULEH' 'NAC6N1' 'U2T1C7' ... 'XRR9AO' '9I4Q4T' 'C6VEGY']
0.7521546858010951,['HDULEH' 'NAC6N1' 'U2T1C7' ... 'KY09Q0' 'RBO7EP' 'MGE8J5']
0.757378378699429,['HDULEH' 'NAC6N1' 'U2T1C7' ... 'IYYFJQ' 'OM2AZD' 'ECASJF']
0.7586644219332846,['HDULEH' 'NAC6N1' 'U2T1C7' ... '7QIPLL' '8DIQ1H' '358FH8']
0.7582250710973081,['HDULEH' 'NAC6N1' 'U2T1C7' ... 'GGLWDN' 'JO668C' 'XRPI7G']
0.7554925309824457,['HDULEH' 'NAC6N1' 'U2T1C7' ... 'JO668C' '9I4Q4T' 'LXU75A']
0.7594529123770889,['HDULEH' 'NAC6N1' 'U2T1C7' ... '1DYOFK' '8JXALH' 'NIJVMQ']
0.7575257922204467,['HDULEH' 'NAC6N1' 'U2T1C7' ... '9I4Q4T' 'NIJVMQ' '8X86PU']
0.7585703530064706,['HDULEH' 'NAC6N1' 'U2T1C7' ... 'ON5X9M' '9V5YRV' 'SZMC4E']
0.7438197826224787,['HDULEH' 'NAC6N1' 'U2T1C7' ... '3ZQXA0' 'G3KBTC' 'C6VEGY']
0.7447001942364488,['HDULEH' 'NAC6N1' 'U2T1C7' ... '0BY2WC' 'S6JUIH' 'T80KD0']
0.7453850877454966,['HDULEH' 'NAC6N1' 'U2T1C7' ... 'Q2YYWV' 'FFQT8C' '45L4SM']
0.7447415887265201,['HDULEH' 'NAC6N1' 'U2T1C7' ... '7QIPLL' 'NIJVMQ' 'V0PJCH']
0.7510222612385069,['HDULEH' 'NAC6N1' 'U2T1C7' ... '77KZ24' 'SZMC4E' '5HSVZA']
0.7506015493093559,['HDULEH' 'NAC6N1' 'U2T1C7' ... '0SAV1E' 'D4GTQL' 'V8AX7D']
0.7502905375778388,['HDULEH' 'NAC6N1' 'U2T1C7' ... 'PADZ9T' '940ZMY' 'OVP1B8']
0.7514859055189103,['HDULEH' 'NAC6N1' 'U2T1C7' ... 'AK2C82' 'G2X9J4' '940ZMY']
0.7519815660168417,['HDULEH' 'NAC6N1' 'U2T1C7' ... 'OVP1B8' 'FS3Q7Z' 'WVKC41']
0.7563465049027761,['HDULEH' 'NAC6N1' 'U2T1C7' ... 'ADCTLD' 'V8AX7D' '940ZMY']
0.7527680027167365,['HDULEH' 'NAC6N1' 'U2T1C7' ... '8UH6BK' 'YDSA7B' '6J8D8Q']
0.756737515380056,['HDULEH' 'NAC6N1' 'U2T1C7' ... '8JXALH' 'MX30JB' 'WG3MIE']
0.7515607463184746,['HDULEH' 'NAC6N1' 'U2T1C7' ... 'NZVDDR' 'IJ7Y34' 'A2N0PS']
0.7520348147868371,['HDULEH' 'NAC6N1' 'U2T1C7' ... 'A2N0PS' 'I0ANMA' 'BZGLIO']
0.7514416153996251,['HDULEH' 'NAC6N1' 'U2T1C7' ... 'DR8QBE' 'LYIUL9' 'PVLRKN']
0.7438556347504526,['HDULEH' 'NAC6N1' 'U2T1C7' ... 'DR8QBE' 'K927KP' '2N7AAS']
0.75076095167952,['HDULEH' 'NAC6N1' 'U2T1C7' ... 'E49GSM' 'Z8Z2GE' '94PQ2T']
0.7503005230402966,['HDULEH' 'NAC6N1' 'U2T1C7' ... 'A76MNW' 'PUZHUT' '8X9K47']
0.7417866705855186,['HDULEH' 'NAC6N1' 'U2T1C7' ... 'T0WOJK' 'M61FBH' 'WLPIH0']
0.7390576820443449,['HDULEH' 'NAC6N1' 'U2T1C7' ... 'A03EVP' '8DIQ1H' 'K37RQC']
0.7414575039453397,['HDULEH' 'NAC6N1' 'U2T1C7' ... 'K37RQC' 'HT4X71' '940ZMY']
0.7450352364305756,['HDULEH' 'NAC6N1' 'U2T1C7' ... 'TX471Q' 'TJOQL0' 'A76MNW']
0.7434866087673698,['HDULEH' 'NAC6N1' 'U2T1C7' ... 'KYWZ7N' 'NZVDDR' 'BO4WGB']
0.7449403910623129,['HDULEH' 'NAC6N1' 'U2T1C7' ... 'NZVDDR' 'BO4WGB' 'ECASJF']
0.7365344119757551,['HDULEH' 'NAC6N1' 'U2T1C7' ... 'S6JUIH' 'LPM95G' '8KXOTH']
0.7383568455966986,['HDULEH' 'NAC6N1' 'U2T1C7' ... 'BO4WGB' 'NFEH33' '0QE4HE']
0.7376925765615026,['HDULEH' 'NAC6N1' 'U2T1C7' ... '0QE4HE' '6J8D8Q' 'K37RQC']
0.7396639877803932,['HDULEH' 'NAC6N1' 'U2T1C7' ... 'WEN1XS' '33C7QB' 'U64T09']
0.7420534204844318,['HDULEH' 'NAC6N1' 'U2T1C7' ... 'V5Q7TK' '8X86PU' 'YHYU85']
0.7385700594689896,['HDULEH' 'NAC6N1' 'U2T1C7' ... '3RN4NY' 'K3Y8SF' '9WO7LI']
0.749327137175931,['HDULEH' 'NAC6N1' 'U2T1C7' ... '2N7AAS' 'RID2U5' 'DI9VHW']
0.74687315430221,['HDULEH' 'NAC6N1' 'U2T1C7' ... 'RID2U5' '8MBD9S' 'I2AZ06']
0.7432513302678124,['HDULEH' 'NAC6N1' 'U2T1C7' ... 'KAVA2X' '3UEIT2' 'YAU95H']
0.7420610369256849,['HDULEH' 'NAC6N1' 'U2T1C7' ... 'SCAC39' '6J1GC7' 'MX30JB']
0.7415199311671629,['HDULEH' 'NAC6N1' 'U2T1C7' ... 'DLLU5A' 'XHY015' 'NZVDDR']
0.7407968764171327,['HDULEH' 'NAC6N1' 'U2T1C7' ... '16YELX' 'ZOPAB1' 'UN55Y5']
0.7410288526903385,['HDULEH' 'NAC6N1' 'U2T1C7' ... 'R73GI2' 'UN55Y5' '80KPO7']
0.750295425986022,['HDULEH' 'NAC6N1' 'U2T1C7' ... 'EN4YQF' '1FM03Z' 'XHY015']
0.7498519210323531,['HDULEH' 'NAC6N1' 'U2T1C7' ... 'C938XL' 'WROXGU' 'KHJM73']
0.746065203215282,['HDULEH' 'NAC6N1' 'U2T1C7' ... 'WROXGU' 'AUZSRK' '8UH6BK']
0.740766486323467,['HDULEH' 'NAC6N1' 'U2T1C7' ... '6J1GC7' 'F8AXZB' 'U662KB']
0.7402366829448149,['HDULEH' 'NAC6N1' 'U2T1C7' ... 'H7MAH4' '27X6PE' 'J5WAE9']
0.7401851378222712,['HDULEH' 'NAC6N1' 'U2T1C7' ... 'BZJUA9' 'ZZZ0GT' 'UPJI8A']
0.7336060454687798,['HDULEH' 'NAC6N1' 'U2T1C7' ... 'EKWY4S' 'V5Q7TK' '441AMF']
0.7375620643356314,['HDULEH' 'NAC6N1' 'U2T1C7' ... 'G3KBTC' 'XRPI7G' 'Q9CLCO']
0.7378943836447949,['HDULEH' 'NAC6N1' 'U2T1C7' ... 'PEYQ9Z' 'LPM95G' 'XFSM07']
0.7305045369525462,['HDULEH' 'NAC6N1' 'U2T1C7' ... 'GR7J04' '33C7QB' '1QZ2W9']
0.7403085958326658,['HDULEH' 'NAC6N1' 'U2T1C7' ... '1QZ2W9' 'YFPDWQ' '4RCM4K']
0.7405000540615043,['HDULEH' 'NAC6N1' 'U2T1C7' ... 'KX1MEO' 'GR7J04' 'IHO22M']
0.7352585916331245,['HDULEH' 'NAC6N1' 'U2T1C7' ... 'U662KB' 'Z1ZUKT' 'YBG3FA']
0.7362406080884883,['HDULEH' 'NAC6N1' 'U2T1C7' ... 'KCN0O2' 'A2N0PS' 'PVLRKN']
0.7312946473990585,['HDULEH' 'NAC6N1' 'U2T1C7' ... 'KAVA2X' '2J0KMN' '0GM09D']
0.7306264514946059,['HDULEH' 'NAC6N1' 'U2T1C7' ... '2J0KMN' 'AYQ9SS' 'TQL2XJ']
0.7355773364912007,['HDULEH' 'NAC6N1' 'U2T1C7' ... '7QQLOZ' 'ZKE8K8' '19H2RP']
0.7263712808968903,['HDULEH' 'NAC6N1' 'U2T1C7' ... '2DRVCT' '2UVBUF' '095TGF']
0.7345539826967693,['HDULEH' 'NAC6N1' 'U2T1C7' ... 'C6VEGY' '6BPW2O' 'LT43X7']
0.734282079941285,['HDULEH' 'NAC6N1' 'U2T1C7' ... 'J5HOLR' '9VL3T1' '8JXALH']
0.7288539174765745,['HDULEH' 'NAC6N1' 'U2T1C7' ... '4PM9PY' 'ADCTLD' 'MHZPD7']
0.7337189194617739,['HDULEH' 'NAC6N1' 'U2T1C7' ... 'H7MAH4' 'KYWZ7N' '3878J3']
0.7338446758984214,['HDULEH' 'NAC6N1' 'U2T1C7' ... 'GVZ75T' 'DD0S7M' '6J1GC7']
0.7365804343625524,['HDULEH' 'NAC6N1' 'U2T1C7' ... 'LT43X7' 'OT4EOH' 'ZHWFHK']
0.7304635429374492,['HDULEH' 'NAC6N1' 'U2T1C7' ... '8KXOTH' '1FDE11' 'B5E83E']
0.7317669142364622,['HDULEH' 'NAC6N1' 'U2T1C7' ... 'KCFG2F' 'VVWVL2' 'MOBVBC']
0.7338435988790788,['HDULEH' 'NAC6N1' 'U2T1C7' ... 'MOBVBC' 'ZTMEE9' 'A76MNW']
0.7290914627620801,['HDULEH' 'NAC6N1' 'U2T1C7' ... '3878J3' '6R8SMV' 'ZTMEE9']
0.7352034882123991,['HDULEH' 'NAC6N1' 'U2T1C7' ... 'ZHWFHK' '7V8SM7' 'D4GTQL']
0.7324664943070592,['HDULEH' 'NAC6N1' 'U2T1C7' ... 'OT4EOH' 'ZHWFHK' 'V5Q7TK']
0.7342348014693443,['HDULEH' 'NAC6N1' 'U2T1C7' ... 'G1BBNB' 'J5HOLR' '68WFIM']
0.7330953455865492,['HDULEH' 'NAC6N1' 'U2T1C7' ... 'ZTMEE9' 'YDSA7B' 'SS2YJC']
0.7300720833135685,['HDULEH' 'NAC6N1' 'U2T1C7' ... 'ZNOAXG' 'PVLRKN' 'TCMDOV']
0.7310624820268637,['HDULEH' 'NAC6N1' 'U2T1C7' ... '9VL3T1' '50RMLG' '5ZT0CB']
0.7331322460589851,['HDULEH' 'NAC6N1' 'U2T1C7' ... 'XR3TA6' '19H2RP' 'TQL2XJ']
0.734648344826257,['HDULEH' 'NAC6N1' 'U2T1C7' ... 'UUSK1R' 'TCMDOV' 'D70K91']
0.7317463381627332,['HDULEH' 'NAC6N1' 'U2T1C7' ... '50RMLG' '2Y6LU0' 'JFIPHC']
0.7243656655217502,['HDULEH' 'NAC6N1' 'U2T1C7' ... '5GA790' 'LIOYDE' 'EECTI3']
0.7238103032404403,['HDULEH' 'NAC6N1' 'U2T1C7' ... '2Y6LU0' '5GA790' 'AB30SM']
0.7285006625398983,['HDULEH' 'NAC6N1' 'U2T1C7' ... 'GGLWDN' 'ADCTLD' 'ZTMEE9']
0.725583097553353,['HDULEH' 'NAC6N1' 'U2T1C7' ... 'ZTMEE9' 'C6A7QX' 'P6KMYH']
0.7249769414535913,['HDULEH' 'NAC6N1' 'U2T1C7' ... 'P6KMYH' '8JXALH' '6NIB2O']
0.7320555457893281,['HDULEH' 'NAC6N1' 'U2T1C7' ... 'GGLWDN' 'AQPHLG' 'Y9ZFF4']
0.7283912849677454,['HDULEH' 'NAC6N1' 'U2T1C7' ... 'SZMC4E' '48VWJW' 'AFJV8Z']
0.732092988260247,['HDULEH' 'NAC6N1' 'U2T1C7' ... 'Y67VYA' 'ZTMEE9' '52LN24']
0.7302414806078166,['HDULEH' 'NAC6N1' 'U2T1C7' ... 'JGQ590' 'C1PM74' '48VWJW']
0.7193441545092703,['HDULEH' 'NAC6N1' 'U2T1C7' ... 'Q6B4XS' 'PE06N8' 'EXQWL2']
0.721536636380766,['HDULEH' 'NAC6N1' 'U2T1C7' ... '8UH6BK' 'TB92G3' '5P2SZX']
0.7218322190245359,['HDULEH' 'NAC6N1' 'U2T1C7' ... '7HM2Z5' 'LT43X7' 'N3Y2KI']
0.7273444463570865,['HDULEH' 'NAC6N1' 'U2T1C7' ... 'Y6ONRQ' 'LT43X7' '48VWJW']
0.7215498034992951,['HDULEH' 'NAC6N1' 'U2T1C7' ... '8X86PU' 'AFJV8Z' 'W563OR']
0.7141551745401253,['HDULEH' 'NAC6N1' 'U2T1C7' ... 'AFJV8Z' 'W563OR' '8I8QZD']
0.7213865951021083,['HDULEH' 'NAC6N1' 'U2T1C7' ... '3878J3' '9243LW' 'OT4EOH']
0.709318824103409,['HDULEH' 'NAC6N1' 'U2T1C7' ... 'OT4EOH' 'NFEH33' 'MOY444']
0.7118168850018487,['HDULEH' 'NAC6N1' 'U2T1C7' ... 'GFQQWC' 'AK2C82' 'YFPDWQ']
0.7140723007867276,['HDULEH' 'NAC6N1' 'U2T1C7' ... 'GFQQWC' '2Z41C0' 'A39C6E']
0.710856173936043,['HDULEH' 'NAC6N1' 'U2T1C7' ... 'KRX6Y7' 'X42K17' 'NFEH33']
0.7081115942822647,['HDULEH' 'NAC6N1' 'U2T1C7' ... 'XRR9AO' 'X42K17' 'J5HOLR']
0.7092255696046706,['HDULEH' 'NAC6N1' 'U2T1C7' ... 'X42K17' '6AMLZ8' 'Y9ZFF4']
0.7096353675420035,['HDULEH' 'NAC6N1' 'U2T1C7' ... '6AMLZ8' '78G3HG' '2IM33L']
0.724786352250356,['HDULEH' 'NAC6N1' 'U2T1C7' ... 'CR8EEM' 'YAU95H' 'X42K17']
0.721471866020941,['HDULEH' 'NAC6N1' 'U2T1C7' ... 'O8V5M0' 'VO6ZUP' 'RID2U5']
0.7213919905452513,['HDULEH' 'NAC6N1' 'U2T1C7' ... 'C938XL' 'O8V5M0' 'VO6ZUP']
0.7192945522638539,['HDULEH' 'NAC6N1' 'U2T1C7' ... '2Y6LU0' 'UM3PXK' 'Y78KD5']
0.7207190551411999,['HDULEH' 'NAC6N1' 'U2T1C7' ... '9RZQQA' 'Y78KD5' 'G2X9J4']
0.7151172519827742,['HDULEH' 'NAC6N1' 'U2T1C7' ... 'KCU00Z' 'QDI5NN' 'F3TYOB']
0.7172486985968811,['HDULEH' 'NAC6N1' 'U2T1C7' ... 'LTLPN2' 'Q9Q06N' 'U6BBKL']
0.7177302078923854,['HDULEH' 'NAC6N1' 'U2T1C7' ... 'XO4VOF' 'KYWZ7N' 'GY5LZF']
0.7205602236150478,['HDULEH' 'NAC6N1' 'U2T1C7' ... 'WQP5SZ' '1DVA15' '9DCTS6']
0.7155805572655536,['HDULEH' 'NAC6N1' 'U2T1C7' ... 'K3Y8SF' '9K0SOI' 'Y78KD5']
0.7139770717998569,['HDULEH' 'NAC6N1' 'U2T1C7' ... 'PUZHUT' '0ZWSZ8' '9DCTS6']
0.7128087541226614,['HDULEH' 'NAC6N1' 'U2T1C7' ... '69EIMX' '1QZ2W9' 'Z164JF']
0.7139427828932389,['HDULEH' 'NAC6N1' 'U2T1C7' ... 'Z164JF' '9V5YRV' 'KYWZ7N']
0.7126654504366767,['HDULEH' 'NAC6N1' 'U2T1C7' ... 'KYWZ7N' 'BD55NO' 'F3TYOB']
0.7137643692122393,['HDULEH' 'NAC6N1' 'U2T1C7' ... '8KXOTH' 'A2N0PS' '6N2N46']
0.7158538839637264,['HDULEH' 'NAC6N1' 'U2T1C7' ... 'ZZZ0GT' '7QQLOZ' '1DYOFK']
0.7158638264582858,['HDULEH' 'NAC6N1' 'U2T1C7' ... '9WZFD1' 'XO4VOF' '5IAON7']
0.7152461661008538,['HDULEH' 'NAC6N1' 'U2T1C7' ... 'F3TYOB' '9WZFD1' 'TJOQL0']
0.7096123674163309,['HDULEH' 'NAC6N1' 'U2T1C7' ... 'ZKE8K8' 'I3YNQD' 'KCFG2F']
0.7147187924325384,['HDULEH' 'NAC6N1' 'U2T1C7' ... '564025' 'KHJM73' 'SOR5YF']
0.7126331833307897,['HDULEH' 'NAC6N1' 'U2T1C7' ... 'F3BIKI' '5N8NVC' '78G3HG']
0.7138665755800551,['HDULEH' 'NAC6N1' 'U2T1C7' ... 'F3BIKI' '5N8NVC' 'NZJKTF']
0.7113133024942255,['HDULEH' 'NAC6N1' 'U2T1C7' ... 'G5FVYO' 'G1BBNB' 'RID2U5']
0.7140863657183335,['HDULEH' 'NAC6N1' 'U2T1C7' ... 'GQU4SE' 'JG0ZNV' '9VL3T1']
0.7123725791227702,['HDULEH' 'NAC6N1' 'U2T1C7' ... 'F3BIKI' 'RID2U5' 'YWYPKG']
0.713933996492759,['HDULEH' 'NAC6N1' 'U2T1C7' ... 'C1O37V' 'AUS4QO' 'ZKE8K8']
0.7138273682725912,['HDULEH' 'NAC6N1' 'U2T1C7' ... 'WL5QMO' 'HLKGA8' 'HYZPDJ']
0.7131424118738756,['HDULEH' 'NAC6N1' 'U2T1C7' ... 'M61FBH' 'LIXQP9' 'P6KMYH']
0.7097587231782035,['HDULEH' 'NAC6N1' 'U2T1C7' ... 'R1OH6S' '1QZ2W9' '45L4SM']
0.71248790293566,['HDULEH' 'NAC6N1' 'U2T1C7' ... 'Q6B4XS' '9VL3T1' '1NZVNI']
0.7074088916384634,['HDULEH' 'NAC6N1' 'U2T1C7' ... 'XRPI7G' '79NM8W' 'I0ANMA']
0.7098481645658961,['HDULEH' 'NAC6N1' 'U2T1C7' ... 'QA2ILS' 'YUP9II' 'GOT1Q8']
0.7152862668406098,['HDULEH' 'NAC6N1' 'U2T1C7' ... 'F4L77Y' 'FS7SX2' 'X06Q8D']
0.7160395578957497,['HDULEH' 'NAC6N1' 'U2T1C7' ... 'K927KP' 'FS9LW8' 'C46LR1']
0.7024419782491494,['HDULEH' 'NAC6N1' 'U2T1C7' ... 'EKWY4S' 'JUELN8' '6V7URD']
0.7092383502852866,['HDULEH' 'NAC6N1' 'U2T1C7' ... 'G1BBNB' 'ZNUJF6' 'G2X9J4']
0.7116349978999359,['HDULEH' 'NAC6N1' 'U2T1C7' ... 'GNX0G3' '5HSVZA' 'KCU00Z']
0.709185421551803,['HDULEH' 'NAC6N1' 'U2T1C7' ... 'SB9IHO' '3UEIT2' 'MHZPD7']
0.7051564739709855,['HDULEH' 'NAC6N1' 'U2T1C7' ... 'FS7SX2' 'X06Q8D' 'GNX0G3']
0.7054289441267926,['HDULEH' 'NAC6N1' 'U2T1C7' ... '9K0SOI' 'EKWY4S' 'AM9U0S']
0.7037813992710477,['HDULEH' 'NAC6N1' 'U2T1C7' ... '1NZVNI' 'QL33GN' 'G1BBNB']
0.7061346933703297,['HDULEH' 'NAC6N1' 'U2T1C7' ... 'IMCTMO' '1NZVNI' 'QL33GN']
0.703902030054991,['HDULEH' 'NAC6N1' 'U2T1C7' ... '4D6UBX' 'VO6ZUP' 'IR5PYM']
0.7003445608661786,['HDULEH' 'NAC6N1' 'U2T1C7' ... 'N6ABEV' 'IA86WQ' 'TX471Q']
0.7024969517511226,['HDULEH' 'NAC6N1' 'U2T1C7' ... 'QL33GN' 'MQE7WO' 'LT43X7']
0.7049822910162454,['HDULEH' 'NAC6N1' 'U2T1C7' ... 'KCFG2F' '3ZQXA0' '4UPXNU']
0.7072940758225472,['HDULEH' 'NAC6N1' 'U2T1C7' ... 'VO6ZUP' '0NJHZQ' 'E1JA1M']
0.7033604784624918,['HDULEH' 'NAC6N1' 'U2T1C7' ... '25VIKL' 'KBELH8' '3BVQ5K']
0.7044997594279322,['HDULEH' 'NAC6N1' 'U2T1C7' ... 'TG2AQ4' 'T5U6O9' 'LT43X7']
0.7074090493061329,['HDULEH' 'NAC6N1' 'U2T1C7' ... '3ZQXA0' 'GK4E07' '564025']
0.7079671609739866,['HDULEH' 'NAC6N1' 'U2T1C7' ... 'C1O37V' 'IKQ5K4' 'FFJ254']
0.7064548230893157,['HDULEH' 'NAC6N1' 'U2T1C7' ... '6NIB2O' 'V2QCMM' '77KZ24']
0.7065201242730889,['HDULEH' 'NAC6N1' 'U2T1C7' ... 'YR9ZMN' '5T4WJF' 'TX471Q']
0.7084650271934271,['HDULEH' 'NAC6N1' 'U2T1C7' ... '3878J3' 'SS2YJC' 'PADZ9T']
0.7081014972512214,['HDULEH' 'NAC6N1' 'U2T1C7' ... '3ZQXA0' 'Y78KD5' 'DI9VHW']
0.7033224763439755,['HDULEH' 'NAC6N1' 'U2T1C7' ... 'GR7J04' 'AJDRVO' 'WWAHKO']
0.7042534407577554,['HDULEH' 'NAC6N1' 'U2T1C7' ... 'G2X9J4' 'DRL0Q0' 'RID2U5']
0.7056122842930977,['HDULEH' 'NAC6N1' 'U2T1C7' ... 'P6KMYH' '7QIPLL' '3VR4J8']
0.7007368462374697,['HDULEH' 'NAC6N1' 'U2T1C7' ... '64HU13' '7Z7GKO' 'H7MAH4']
0.7005262680791936,['HDULEH' 'NAC6N1' 'U2T1C7' ... 'FS7SX2' '3ZQXA0' 'JUB7FE']
0.7026328820770879,['HDULEH' 'NAC6N1' 'U2T1C7' ... 'AJDRVO' 'A39C6E' 'FFQT8C']
0.7004255671259075,['HDULEH' 'NAC6N1' 'U2T1C7' ... 'K3Y8SF' 'C47NOC' 'G5FVYO']
0.7013041795514829,['HDULEH' 'NAC6N1' 'U2T1C7' ... '7Z7GKO' '7260I3' 'SCAC39']
0.6999979315166286,['HDULEH' 'NAC6N1' 'U2T1C7' ... 'IKQ5K4' 'FOBM63' 'QWZALP']
0.7000129634900979,['HDULEH' 'NAC6N1' 'U2T1C7' ... '0EXTDF' 'A2OHO4' 'KX1MEO']
0.6969274064490022,['HDULEH' 'NAC6N1' 'U2T1C7' ... 'WH0SON' 'A03EVP' 'SW77KE']
0.691311227873447,['HDULEH' 'NAC6N1' 'U2T1C7' ... 'ZKE8K8' 'KXS4XL' 'XHY015']
0.6956255098522751,['HDULEH' 'NAC6N1' 'U2T1C7' ... 'UXKV0C' 'VP0VFU' '8MBD9S']
0.6916272804895769,['HDULEH' 'NAC6N1' 'U2T1C7' ... 'Q9HDRK' 'Q2YYWV' 'SS2YJC']
0.6896757834865653,['HDULEH' 'NAC6N1' 'U2T1C7' ... 'SS2YJC' 'F52JRQ' '30A856']
0.6942491641372698,['HDULEH' 'NAC6N1' 'U2T1C7' ... 'WQP5SZ' 'KXS4XL' '4PM9PY']
0.6909094740582259,['HDULEH' 'NAC6N1' 'U2T1C7' ... 'Q56L5Y' '2Y6LU0' 'C46LR1']
0.696638002022205,['HDULEH' 'NAC6N1' 'U2T1C7' ... '5E3CK4' '4UTDDB' 'KBTRDU']
0.6917944580949562,['HDULEH' 'NAC6N1' 'U2T1C7' ... 'UI7IAB' 'WLPIH0' '1TP36D']
0.6907235219818757,['HDULEH' 'NAC6N1' 'U2T1C7' ... 'VVWVL2' 'JIC6MG' 'C46LR1']
0.6952669111001051,['HDULEH' 'NAC6N1' 'U2T1C7' ... 'SEXNZ1' 'VVWVL2' 'P6KMYH']
0.6898608671716989,['HDULEH' 'NAC6N1' 'U2T1C7' ... 'P6KMYH' 'C46LR1' 'W563OR']
0.6925079203463921,['HDULEH' 'NAC6N1' 'U2T1C7' ... '6N2N46' 'H9X3CD' '0WQ456']
0.6968130893586877,['HDULEH' 'NAC6N1' 'U2T1C7' ... '36GCVQ' 'MBEFPX' 'UN55Y5']
0.693052811783463,['HDULEH' 'NAC6N1' 'U2T1C7' ... 'KBELH8' 'Q56L5Y' 'G3KBTC']
0.6906741252140547,['HDULEH' 'NAC6N1' 'U2T1C7' ... 'TY9RQP' 'WLPIH0' '6O5XSO']
0.6952850904999732,['HDULEH' 'NAC6N1' 'U2T1C7' ... 'XHY015' 'AC6WUN' 'AYKH8N']
0.6948678823396484,['HDULEH' 'NAC6N1' 'U2T1C7' ... 'ZKE8K8' '1U4IIK' 'P6KMYH']
0.6969224210544188,['HDULEH' 'NAC6N1' 'U2T1C7' ... '2Y6LU0' 'OM2AZD' 'LYLO05']
0.6926305157305144,['HDULEH' 'NAC6N1' 'U2T1C7' ... '2MK53R' 'GK4E07' 'BX3ID6']
0.6977166322413808,['HDULEH' 'NAC6N1' 'U2T1C7' ... 'Q1JTH0' 'AK2C82' 'K2GA2V']
0.6954753501648663,['HDULEH' 'NAC6N1' 'U2T1C7' ... 'NZJKTF' 'WROXGU' '87IQL6']
0.6937692380346773,['HDULEH' 'NAC6N1' 'U2T1C7' ... 'BD55NO' 'UM3PXK' 'UXKV0C']
0.6957508222946492,['HDULEH' 'NAC6N1' 'U2T1C7' ... 'RID2U5' 'Q9HDRK' 'WQP5SZ']
0.6917242758459752,['HDULEH' 'NAC6N1' 'U2T1C7' ... 'G8OILS' '0RXFW1' '5ZT0CB']
0.6897048720565264,['HDULEH' 'NAC6N1' 'U2T1C7' ... '9K0SOI' 'ONMHZ9' 'UI7IAB']
0.6978896958429572,['HDULEH' 'NAC6N1' 'U2T1C7' ... '0GM09D' 'KBTRDU' 'HT4X71']
0.6939365939449128,['HDULEH' 'NAC6N1' 'U2T1C7' ... 'M1P60Y' '7Z7GKO' 'U662KB']
0.6882086745391212,['HDULEH' 'NAC6N1' 'U2T1C7' ... 'HT4X71' 'ADCTLD' 'HYZPDJ']
0.6861820745433375,['HDULEH' 'NAC6N1' 'U2T1C7' ... 'Q9CLCO' 'C1PM74' 'XRPI7G']
0.691277303874068,['HDULEH' 'NAC6N1' 'U2T1C7' ... 'TX471Q' 'V5Q7TK' 'G8OILS']
0.6875204856912551,['HDULEH' 'NAC6N1' 'U2T1C7' ... 'G8OILS' 'Q9CLCO' 'XRPI7G']
0.682517663682997,['HDULEH' 'NAC6N1' 'U2T1C7' ... 'SOR5YF' 'IYYFJQ' '1IW0BC']
0.6831308422240004,['HDULEH' 'NAC6N1' 'U2T1C7' ... 'NZVDDR' 'M1P60Y' 'AP1P22']
0.6833158812789523,['HDULEH' 'NAC6N1' 'U2T1C7' ... '1QZ2W9' '77KZ24' 'GFV654']
0.6817630631065964,['HDULEH' 'NAC6N1' 'U2T1C7' ... 'W563OR' 'Y67VYA' 'AYKH8N']
0.679912201312229,['HDULEH' 'NAC6N1' 'U2T1C7' ... 'IR5PYM' 'GVZ75T' 'XCBKCU']
0.6817551123603429,['HDULEH' 'NAC6N1' 'U2T1C7' ... 'D4QODF' 'JIC6MG' 'K3Y8SF']
0.6838635108680613,['HDULEH' 'NAC6N1' 'U2T1C7' ... 'ZBPAOV' '9PSYMF' 'QA2ILS']
0.6841289603011086,['HDULEH' 'NAC6N1' 'U2T1C7' ... 'IYYFJQ' 'P6Q1DM' 'SG1QXY']
0.6864512038783842,['HDULEH' 'NAC6N1' 'U2T1C7' ... '01FUWE' 'K69O9W' 'EECTI3']
0.6722022730118824,['HDULEH' 'NAC6N1' 'U2T1C7' ... 'SG1QXY' 'PUZHUT' 'LC19QE']
0.680428434037557,['HDULEH' 'NAC6N1' 'U2T1C7' ... 'YR9ZMN' '4Q2UCP' '94PQ2T']
0.6795730240714156,['HDULEH' 'NAC6N1' 'U2T1C7' ... '9RZQQA' '53RBO2' 'R1OH6S']
0.6773683669233692,['HDULEH' 'NAC6N1' 'U2T1C7' ... 'EX7WKU' '4UTDDB' 'E1JA1M']
0.679849403017105,['HDULEH' 'NAC6N1' 'U2T1C7' ... 'Y78KD5' '59HPT0' 'WQP5SZ']
0.6729311487197248,['HDULEH' 'NAC6N1' 'U2T1C7' ... 'JM3CN4' '5HQ6Q1' 'X06Q8D']
0.673836140356877,['HDULEH' 'NAC6N1' 'U2T1C7' ... 'JM3CN4' '0NJHZQ' 'R3PMFJ']
0.6760235769416235,['HDULEH' 'NAC6N1' 'U2T1C7' ... 'GOT1Q8' '5IAON7' 'MBEFPX']
0.6801460162229662,['HDULEH' 'NAC6N1' 'U2T1C7' ... 'BZJUA9' '1DYOFK' '4UTDDB']
0.6800894277485873,['HDULEH' 'NAC6N1' 'U2T1C7' ... 'C6A7QX' 'BX3ID6' 'JUB7FE']
0.6748304861941112,['HDULEH' 'NAC6N1' 'U2T1C7' ... 'ZHWFHK' 'FFQT8C' '1DVA15']
0.6725118650569426,['HDULEH' 'NAC6N1' 'U2T1C7' ... 'LC19QE' '1DVA15' 'TMCG0E']
0.669513074528844,['HDULEH' 'NAC6N1' 'U2T1C7' ... '6V7URD' 'TMCG0E' 'JGQ590']
0.6725437427654898,['HDULEH' 'NAC6N1' 'U2T1C7' ... 'GR7J04' 'LC19QE' 'R3PMFJ']
0.6725295908034984,['HDULEH' 'NAC6N1' 'U2T1C7' ... 'UP5NLN' 'D4QODF' 'SB9IHO']
0.6737484542704656,['HDULEH' 'NAC6N1' 'U2T1C7' ... '5Z0WT4' '9DCTS6' 'P6Q1DM']
0.6771985829202967,['HDULEH' 'NAC6N1' 'U2T1C7' ... 'VO6ZUP' 'H2SYCW' 'PUZHUT']
0.6700081369556485,['HDULEH' 'NAC6N1' 'U2T1C7' ... '0MMPBY' 'P9AFWO' 'Y9ZFF4']
0.6739739514835401,['HDULEH' 'NAC6N1' 'U2T1C7' ... '3DZMDA' 'LC19QE' '20G2RE']
0.6678943796653438,['HDULEH' 'NAC6N1' 'U2T1C7' ... 'GNX0G3' '98W84E' 'X27HPL']
0.6642183942186519,['HDULEH' 'NAC6N1' 'U2T1C7' ... 'PEYQ9Z' 'SOR5YF' '118RK2']
0.6627626352558386,['HDULEH' 'NAC6N1' 'U2T1C7' ... '87IQL6' 'AUS4QO' '6O5XSO']
0.6682881951903151,['HDULEH' 'NAC6N1' 'U2T1C7' ... 'AJDRVO' 'D3W5XD' 'GLAXRC']
0.6627786036941733,['HDULEH' 'NAC6N1' 'U2T1C7' ... '3UEIT2' 'R6Y8LP' '7HQZXK']
0.6640537790155481,['HDULEH' 'NAC6N1' 'U2T1C7' ... 'R6Y8LP' '7HQZXK' 'LYIUL9']
0.6716401742583156,['HDULEH' 'NAC6N1' 'U2T1C7' ... 'P6KMYH' 'HT4X71' 'IYYFJQ']
0.6691664906919966,['HDULEH' 'NAC6N1' 'U2T1C7' ... 'UN55Y5' '4UPXNU' '095TGF']
0.6714544981535638,['HDULEH' 'NAC6N1' 'U2T1C7' ... 'K3Y8SF' '5CQ8YY' 'Y6ONRQ']
0.6718094513008508,['HDULEH' 'NAC6N1' 'U2T1C7' ... 'LYIUL9' 'NNY3QI' 'C938XL']
0.6638930467998739,['HDULEH' 'NAC6N1' 'U2T1C7' ... '6J1GC7' 'K927KP' '3UEIT2']
0.6661769007937465,['HDULEH' 'NAC6N1' 'U2T1C7' ... 'A2OHO4' '8DIQ1H' '45L4SM']
0.6655889783408515,['HDULEH' 'NAC6N1' 'U2T1C7' ... 'C938XL' 'I0ANMA' 'FOBM63']
0.6649175192602901,['HDULEH' 'NAC6N1' 'U2T1C7' ... '30A856' 'UN8POU' '3U0OM4']
0.66416586795335,['HDULEH' 'NAC6N1' 'U2T1C7' ... 'M61FBH' 'VAQUUW' '77P2UY']
0.6632875629601624,['HDULEH' 'NAC6N1' 'U2T1C7' ... 'WEN1XS' 'VAQUUW' '3VR4J8']
0.6655034627731011,['HDULEH' 'NAC6N1' 'U2T1C7' ... '8I8QZD' 'D70K91' '5HQ6Q1']
0.6651746877781521,['HDULEH' 'NAC6N1' 'U2T1C7' ... 'QZEKC7' 'UM3PXK' 'MBEFPX']
0.6619619650659219,['HDULEH' 'NAC6N1' 'U2T1C7' ... 'TX471Q' 'I0ANMA' '52LN24']
0.6666103176224142,['HDULEH' 'NAC6N1' 'U2T1C7' ... '5BD3LR' 'YHYU85' 'IKOYGG']
0.6658955553505552,['HDULEH' 'NAC6N1' 'U2T1C7' ... 'WDKOM8' 'MOY444' 'Q9CLCO']
0.6658448711125999,['HDULEH' 'NAC6N1' 'U2T1C7' ... 'A39C6E' 'F8O0K0' 'T5U6O9']
0.6653502468034652,['HDULEH' 'NAC6N1' 'U2T1C7' ... '3878J3' 'A39C6E' 'MOY444']
0.6630859479531024,['HDULEH' 'NAC6N1' 'U2T1C7' ... 'OYU03J' 'DRL0Q0' '9NM2L9']
0.6635935417703943,['HDULEH' 'NAC6N1' 'U2T1C7' ... 'K927KP' '5KKUR9' '1NZVNI']
0.6600451519876622,['HDULEH' 'NAC6N1' 'U2T1C7' ... 'X27HPL' 'Y78KD5' 'E49GSM']
0.6607376140353176,['HDULEH' 'NAC6N1' 'U2T1C7' ... '8MBD9S' 'ETGDV4' 'MWA129']
0.6584067695877093,['HDULEH' 'NAC6N1' 'U2T1C7' ... 'MHZPD7' 'SG1QXY' 'JM3CN4']
0.6589581142262626,['HDULEH' 'NAC6N1' 'U2T1C7' ... 'QRR3UD' '9SLAQB' 'AYQ9SS']
0.6583349234907818,['HDULEH' 'NAC6N1' 'U2T1C7' ... 'LIOYDE' 'FFJ254' '01FUWE']
0.6602437795963427,['HDULEH' 'NAC6N1' 'U2T1C7' ... 'FFJ254' 'WQP5SZ' 'NCLHA4']
0.6600935006111059,['HDULEH' 'NAC6N1' 'U2T1C7' ... 'WQP5SZ' '8DIQ1H' '77P2UY']
0.65954450892675,['HDULEH' 'NAC6N1' 'U2T1C7' ... '5J27IG' 'HR9FK4' 'GR7J04']
0.6582670607715155,['HDULEH' 'NAC6N1' 'U2T1C7' ... 'DRL0Q0' 'R33C81' 'SVFSTR']
0.658795096852519,['HDULEH' 'NAC6N1' 'U2T1C7' ... 'HWLZKP' 'R33C81' '45L4SM']
0.659629100413195,['HDULEH' 'NAC6N1' 'U2T1C7' ... 'U662KB' 'HYZPDJ' 'PMFI0E']
0.6571288235830665,['HDULEH' 'NAC6N1' 'U2T1C7' ... '20G2RE' 'ENWVHE' '4UTDDB']
0.657060428279362,['HDULEH' 'NAC6N1' 'U2T1C7' ... 'HYZPDJ' 'K927KP' 'RVTUOX']
0.6579853863128339,['HDULEH' 'NAC6N1' 'U2T1C7' ... 'R33C81' 'D16FDQ' 'HT4X71']
0.6593002201417556,['HDULEH' 'NAC6N1' 'U2T1C7' ... 'WLPIH0' 'LIOYDE' 'IVQCQF']
0.6599105694405081,['HDULEH' 'NAC6N1' 'U2T1C7' ... 'MWA129' 'M61FBH' '9WZFD1']
0.6565580745192423,['HDULEH' 'NAC6N1' 'U2T1C7' ... '2UVBUF' 'FOCDWK' 'UM3PXK']
0.65644858860831,['HDULEH' 'NAC6N1' 'U2T1C7' ... 'SVFSTR' 'QQH33L' 'DZOE3P']
0.6557204970085339,['HDULEH' 'NAC6N1' 'U2T1C7' ... '4VDKSS' 'GQU4SE' 'GFV654']
0.6551693891697744,['HDULEH' 'NAC6N1' 'U2T1C7' ... 'H2SYCW' '4PM9PY' 'GFV654']
0.655800600842901,['HDULEH' 'NAC6N1' 'U2T1C7' ... 'DZOE3P' 'YLJMI6' '4VDKSS']
